,,,,,,,,,,,,,,,,,,,,,,,,,,,,,,,,,,,,,,,,,,,,,,
,画面ID,,3.0,,画面タイトル,,"ホーム（ゲストユーザー向け店舗一覧）
Trang chủ (Danh sách quán cho khách vãng lai)",,,,,,ロールID,,1.0,,画面項目,,,,,,,,,,,,,,,,,,,,,,,,,,,,,
,画面レイアウト・デザイン,,,,,,,,,,,,,,,,No,項目名称,,項目説明,,,,分類,,選択肢・入力値,,,,処理内容,,,,,,,,備考,,,,,,,,
,,,,,,,,,,,,,,,,,1.0,"ログイン
Đăng nhập",,"ログイン画面へ遷移するためのメニューを表示します
Hiển thị menu để chuyển tới màn hình đăng nhập",,,,テキスト,,"「ログイン」
“Đăng nhập”",,,,"クリックするとログイン画面へ遷移します
Nhấn vào sẽ chuyển tới màn hình đăng nhập",,,,,,,,"ゲストユーザー向けに表示します
Hiển thị cho người dùng khách vãng lai",,,,,,,,
,,,,,,,,,,,,,,,,,2.0,"新規登録
Đăng ký",,"新規登録画面へ遷移するためのメニューを表示します
Hiển thị menu để chuyển tới màn hình đăng ký",,,,テキスト,,"「新規登録」
“Đăng ký”",,,,"クリックすると新規登録画面へ遷移します
Nhấn vào sẽ chuyển tới màn hình đăng ký",,,,,,,,"ゲストユーザー向けに表示します
Hiển thị cho người dùng khách vãng lai",,,,,,,,
,,,,,,,,,,,,,,,,,3.0,"お気に入りボタン
Nút yêu thích",,"店舗をお気に入り登録するためのボタンを表示します
Hiển thị nút để thêm quán vào danh sách yêu thích",,,,ボタン,,"アイコン表示
Hiển thị biểu tượng",,,,"ゲストユーザーがクリックした場合はログイン画面へ遷移し、ログイン済みユーザーの場合はお気に入り状態を切り替えります
Nếu khách vãng lai nhấn vào thì chuyển tới màn hình đăng nhập, nếu người dùng đã đăng nhập thì chuyển đổi trạng thái yêu thích",,,,,,,,"ゲスト時はログイン必須
Ở chế độ khách vãng lai thì bắt buộc đăng nhập",,,,,,,,
,,,,,,,,,,,,,,,,,4.0,"その他共通コンテンツ
Các nội dung chung khác",,"本画面内のログイン・新規登録・お気に入りボタン以外の各構成要素（ロゴ、ナビゲーション、メインビジュアル、検索エリア、フィルター、店舗一覧など）は、画面ID5の対応項目と同様の表示内容および動作とする。
Các thành phần trong màn hình này ngoài nút đăng nhập, đăng ký và yêu thích (bao gồm logo, thanh điều hướng, hình ảnh chính, khu vực tìm kiếm, bộ lọc, danh sách quán,...) có nội dung hiển thị và cách xử lý tương tự các mục tương ứng trong màn hình ID 5.",,,,〇〇表示領域,,"なし（詳細は画面ID5参照）
Không có (chi tiết tham khảo màn hình ID 5)",,,,"各構成要素は画面ID5と同様のロジックで表示・操作される。
Các thành phần được hiển thị và hoạt động theo logic giống màn hình ID 5.",,,,,,,,"本画面はゲストユーザー向け画面であるため、一部機能（お気に入りなど）はログイン画面へ遷移する。詳細仕様は画面ID5参照。
Đây là màn hình dành cho người dùng chưa đăng nhập, do đó một số chức năng (như yêu thích) sẽ yêu cầu đăng nhập. Chi tiết tham khảo màn hình ID 5.",,,,,,,,
,,,,,,,,,,,,,,,,,,,,,,,,,,,,,,,,,,,,,,,,,,,,,,
,,,,,,,,,,,,,,,,,,,,,,,,,,,,,,,,,,,,,,,,,,,,,,
,,,,,,,,,,,,,,,,,,,,,,,,,,,,,,,,,,,,,,,,,,,,,,
,,,,,,,,,,,,,,,,,,,,,,,,,,,,,,,,,,,,,,,,,,,,,,
,,,,,,,,,,,,,,,,,,,,,,,,,,,,,,,,,,,,,,,,,,,,,,
,,,,,,,,,,,,,,,,,,,,,,,,,,,,,,,,,,,,,,,,,,,,,,
,,,,,,,,,,,,,,,,,,,,,,,,,,,,,,,,,,,,,,,,,,,,,,
,,,,,,,,,,,,,,,,,,,,,,,,,,,,,,,,,,,,,,,,,,,,,,
,,,,,,,,,,,,,,,,,,,,,,,,,,,,,,,,,,,,,,,,,,,,,,
,,,,,,,,,,,,,,,,,,,,,,,,,,,,,,,,,,,,,,,,,,,,,,
,,,,,,,,,,,,,,,,,,,,,,,,,,,,,,,,,,,,,,,,,,,,,,
,,,,,,,,,,,,,,,,,,,,,,,,,,,,,,,,,,,,,,,,,,,,,,
,,,,,,,,,,,,,,,,,,,,,,,,,,,,,,,,,,,,,,,,,,,,,,
,,,,,,,,,,,,,,,,,,,,,,,,,,,,,,,,,,,,,,,,,,,,,,
,,,,,,,,,,,,,,,,,,,,,,,,,,,,,,,,,,,,,,,,,,,,,,
,,,,,,,,,,,,,,,,,,,,,,,,,,,,,,,,,,,,,,,,,,,,,,
,,,,,,,,,,,,,,,,,,,,,,,,,,,,,,,,,,,,,,,,,,,,,,
,,,,,,,,,,,,,,,,,,,,,,,,,,,,,,,,,,,,,,,,,,,,,,
,,,,,,,,,,,,,,,,,,,,,,,,,,,,,,,,,,,,,,,,,,,,,,
,,,,,,,,,,,,,,,,,,,,,,,,,,,,,,,,,,,,,,,,,,,,,,
,,,,,,,,,,,,,,,,,,,,,,,,,,,,,,,,,,,,,,,,,,,,,,
,,,,,,,,,,,,,,,,,,,,,,,,,,,,,,,,,,,,,,,,,,,,,,
,,,,,,,,,,,,,,,,,,,,,,,,,,,,,,,,,,,,,,,,,,,,,,
,,,,,,,,,,,,,,,,,,,,,,,,,,,,,,,,,,,,,,,,,,,,,,
,,,,,,,,,,,,,,,,,,,,,,,,,,,,,,,,,,,,,,,,,,,,,,
,,,,,,,,,,,,,,,,,,,,,,,,,,,,,,,,,,,,,,,,,,,,,,
,画面ID,,4.0,,画面タイトル,,"ゲスト向け店舗詳細画面
Trang chi tiết quán cho khách vãng lai ",,,,,,ロールID,,1.0,,画面項目,,,,,,,,,,,,,,,,,,,,,,,,,,,,,
,画面レイアウト・デザイン,,,,,,,,,,,,,,,,No,項目名称,,項目説明,,,,分類,,選択肢・入力値,,,,処理内容,,,,,,,,備考,,,,,,,,
,,,,,,,,,,,,,,,,,1.0,"ロゴ
 Logo",,"サービスロゴ表示
 Hiển thị logo",,,,画像,,"固定画像 
Ảnh cố định",,,,"画面上部に表示 
 Hiển thị đầu trang",,,,,,,,,,,,,,,,
,,,,,,,,,,,,,,,,,2.0,"「ホーム」ボタン
Nút ""Trang chủ""",,"ホームページへ遷移
Chuyển hướng về trang chủ",,,,ボタン,,"なし
Không",,,,"ホームURLへ遷移
Chuyển hướng về URL Home",,,,,,,,,,,,,,,,
,,,,,,,,,,,,,,,,,3.0,"言語切替
Chọn ngôn ngữ",,"表示言語の切り替え
Thay đổi ngôn ngữ hiển thị",,,,ドロップダウン,,"日本語、ベトナム語, 英語
Tiếng Nhật, Tiếng Việt, Tiếng Anh",,,,"全画面の言語を変更
Thay đổi ngôn ngữ toàn trang",,,,,,,,,,,,,,,,
,,,,,,,,,,,,,,,,,4.0,"店名
Tên quán",,"店舗名称の表示
Hiển thị tên cửa hàng",,,,〇〇表示領域,,"なし
Không",,,,"DBから取得して表示
Lấy dữ liệu từ DB và hiển thị",,,,,,,,,,,,,,,,
,,,,,,,,,,,,,,,,,5.0,"評価
Đánh giá",,"星数とレビュー数の表示
Hiển thị sao và số đánh giá",,,,〇〇表示領域,,"なし
Không",,,,"平均評価を算出
Tính toán đánh giá trung bình",,,,,,,,,,,,,,,,
,,,,,,,,,,,,,,,,,6.0,"営業時間
Giờ mở cửa",,"店舗の営業時間を表示します
Hiển thị giờ hoạt động",,,,〇〇表示領域,,"なし
Không",,,,"営業時間を表示します
Hiển thị giờ mở cửa",,,,,,,,,,,,,,,,
,,,,,,,,,,,,,,,,,7.0,"説明
Mô tả",,"店舗の紹介文を表示します
Hiển thị mô tả quán",,,,テキスト,,"なし
Không",,,,"店舗紹介を表示します
Hiển thị giới thiệu",,,,,,,,,,,,,,,,
,,,,,,,,,,,,,,,,,8.0,"ハッシュタグ
Hashtag",,"店舗のタグを表示します
Hiển thị hashtag",,,,〇〇表示領域,,"なし
Không",,,,"関連情報を表示します
Hiển thị thông tin liên quan",,,,,,,,,,,,,,,,
,,,,,,,,,,,,,,,,,9.0,"住所
Địa chỉ",,"店舗の住所を表示します
Hiển thị địa chỉ",,,,テキスト,,"なし
Không",,,,"位置情報を表示します
Hiển thị vị trí",,,,,,,,,,,,,,,,
,,,,,,,,,,,,,,,,,10.0,"営業状態
Trạng thái quán",,"店舗の営業状態を表示します
Hiển thị trạng thái",,,,テキスト,,"なし
Không",,,,"状態を表示します
Hiển thị trạng thái",,,,,,,,,,,,,,,,
,,,,,,,,,,,,,,,,,11.0,"メニュー
Menu đặc trưng",,"商品一覧を表示します
Hiển thị menu",,,,画像,,"なし
Không",,,,"メニュー一覧を表示します
Hiển thị danh sách món",,,,,,,,,,,,,,,,
,,,,,,,,,,,,,,,,,12.0,"レビュータイトル
Tiêu đề đánh giá",,"レビューセクションのタイトル
Tiêu đề phần đánh giá",,,,テキスト,,"なし
Không",,,,"セクションタイトルを表示します
Hiển thị tiêu đề",,,,,,,,,,,,,,,,
,,,,,,,,,,,,,,,,,13.0,"コメント数
Số bình luận",,"コメントの件数を表示します
Hiển thị số lượng bình luận",,,,テキスト,,"なし
Không",,,,"コメント数を表示します
Hiển thị số bình luận",,,,,,,,,,,,,,,,
,,,,,,,,,,,,,,,,,14.0,"コメント内容
Nội dung bình luận",,"ユーザーのコメントを表示します
Hiển thị bình luận người dùng",,,,テキスト,,"なし
Không",,,,"コメントを表示します
Hiển thị danh sách bình luận",,,,,,,,"スクロール可能
Có thể cuộn",,,,,,,,
,,,,,,,,,,,,,,,,,,,,,,,,,,,,,,,,,,,,,,,,,,,,,,
,,,,,,,,,,,,,,,,,,,,,,,,,,,,,,,,,,,,,,,,,,,,,,
,,,,,,,,,,,,,,,,,,,,,,,,,,,,,,,,,,,,,,,,,,,,,,
,,,,,,,,,,,,,,,,,,,,,,,,,,,,,,,,,,,,,,,,,,,,,,
,,,,,,,,,,,,,,,,,,,,,,,,,,,,,,,,,,,,,,,,,,,,,,
,,,,,,,,,,,,,,,,,,,,,,,,,,,,,,,,,,,,,,,,,,,,,,
,,,,,,,,,,,,,,,,,,,,,,,,,,,,,,,,,,,,,,,,,,,,,,
,,,,,,,,,,,,,,,,,,,,,,,,,,,,,,,,,,,,,,,,,,,,,,
,,,,,,,,,,,,,,,,,,,,,,,,,,,,,,,,,,,,,,,,,,,,,,
,,,,,,,,,,,,,,,,,,,,,,,,,,,,,,,,,,,,,,,,,,,,,,
,,,,,,,,,,,,,,,,,,,,,,,,,,,,,,,,,,,,,,,,,,,,,,
,,,,,,,,,,,,,,,,,,,,,,,,,,,,,,,,,,,,,,,,,,,,,,
,,,,,,,,,,,,,,,,,,,,,,,,,,,,,,,,,,,,,,,,,,,,,,
,,,,,,,,,,,,,,,,,,,,,,,,,,,,,,,,,,,,,,,,,,,,,,
,,,,,,,,,,,,,,,,,,,,,,,,,,,,,,,,,,,,,,,,,,,,,,
,,,,,,,,,,,,,,,,,,,,,,,,,,,,,,,,,,,,,,,,,,,,,,
,,,,,,,,,,,,,,,,,,,,,,,,,,,,,,,,,,,,,,,,,,,,,,
,,,,,,,,,,,,,,,,,,,,,,,,,,,,,,,,,,,,,,,,,,,,,,
,,,,,,,,,,,,,,,,,,,,,,,,,,,,,,,,,,,,,,,,,,,,,,
,,,,,,,,,,,,,,,,,,,,,,,,,,,,,,,,,,,,,,,,,,,,,,
,,,,,,,,,,,,,,,,,,,,,,,,,,,,,,,,,,,,,,,,,,,,,,
,,,,,,,,,,,,,,,,,,,,,,,,,,,,,,,,,,,,,,,,,,,,,,
,,,,,,,,,,,,,,,,,,,,,,,,,,,,,,,,,,,,,,,,,,,,,,
,,,,,,,,,,,,,,,,,,,,,,,,,,,,,,,,,,,,,,,,,,,,,,
,,,,,,,,,,,,,,,,,,,,,,,,,,,,,,,,,,,,,,,,,,,,,,
,,,,,,,,,,,,,,,,,,,,,,,,,,,,,,,,,,,,,,,,,,,,,,
,,,,,,,,,,,,,,,,,,,,,,,,,,,,,,,,,,,,,,,,,,,,,,
,,,,,,,,,,,,,,,,,,,,,,,,,,,,,,,,,,,,,,,,,,,,,,
,,,,,,,,,,,,,,,,,,,,,,,,,,,,,,,,,,,,,,,,,,,,,,
,,,,,,,,,,,,,,,,,,,,,,,,,,,,,,,,,,,,,,,,,,,,,,
,,,,,,,,,,,,,,,,,,,,,,,,,,,,,,,,,,,,,,,,,,,,,,
,,,,,,,,,,,,,,,,,,,,,,,,,,,,,,,,,,,,,,,,,,,,,,
,画面ID,,1.0,,画面タイトル,,"新規登録
Đăng ký",,,,,,ロールID,,1.0,,画面項目,,,,,,,,,,,,,,,,,,,,,,,,,,,,,
,画面レイアウト・デザイン,,,,,,,,,,,,,,,,No,項目名称,,項目説明,,,,分類,,選択肢・入力値,,,,処理内容,,,,,,,,備考,,,,,,,,
,,,,,,,,,,,,,,,,,1.0,"ロゴ 
Logo",,"サービスロゴ表示 
 Hiển thị logo",,,,画像,,"固定画像 
 Ảnh cố định",,,,"画面上部に表示 
 Hiển thị đầu trang",,,,,,,,,,,,,,,,
,,,,,,,,,,,,,,,,,2.0,"登録タイトル 
Tiêu đề đăng ký",,"「登録」タイトル表示 
 Hiển thị tiêu đề",,,,テキスト,,"固定文言
Đăng kí",,,,"フォーム上部に表示 
 Hiển thị trên form",,,,,,,,,,,,,,,,
,,,,,,,,,,,,,,,,,3.0,"氏名入力 
 Họ tên",,"ユーザーの氏名入力 
 Nhập họ tên người dùng",,,,テキスト,,"文字列入力 
 Nhập text",,,,"必須入力チェック 
 Bắt buộc nhập",,,,,,,,"プレースホルダーあります
Có văn bản gợi ý trong ô nhập",,,,,,,,
,,,,,,,,,,,,,,,,,4.0,"メールアドレス 
 Email",,"メール入力欄 
 Nhập email",,,,テキスト,,"メール形式 
 Định dạng email",,,,"形式チェック＋必須 
 Validate format + bắt buộc",,,,,,,,"エラー表示あります
Có hiển thị lỗi",,,,,,,,
,,,,,,,,,,,,,,,,,5.0,"パスワード 
 Mật khẩu",,"パスワード入力欄 
 Nhập mật khẩu",,,,テキスト,,"文字列入力 
 Nhập text",,,,"桁数チェック 
 Kiểm tra độ dài",,,,,,,,"マスク表示 
 Ẩn ký tự",,,,,,,,
,,,,,,,,,,,,,,,,,6.0," 役割
Vai trò ",," ユーザーの役割を選択
Chọn vai trò người dùng ",,,,ボタン,,"店舗オーナー・ユーザー
Chủ quán・Người tìm quán ",,,,"必須入力チェック・選択値保存
Bắt buộc chọn・Lưu giá trị / ",,,,,,,,"未選択エラー表示
Lỗi khi chưa chọn ",,,,,,,,
,,,,,,,,,,,,,,,,,7.0,"登録ボタン 
 Nút đăng ký",,"登録処理実行 
 Thực hiện đăng ký",,,,ボタン,,"なし
Không",,,,"API送信 
 Gửi API đăng ký",,,,,,,,"登録成功時の遷移 
Chuyển hướng khi đăng ký thành công.

ログイン画面へリダイレクト
Redirect sang trang đăng nhập.

二重送信防止 
Kiểm soát vô hiệu hóa (Chống gửi dữ liệu hai lần).",,,,,,,,
,,,,,,,,,,,,,,,,,8.0,"ログインリンク 
 Link đăng nhập",,"ログイン画面へ遷移 
 Chuyển sang login",,,,テキスト,,URL,,,,"画面遷移 
 Điều hướng màn hình",,,,,,,,,,,,,,,,
,,,,,,,,,,,,,,,,,9.0,"利用規約 
 Điều khoản dịch vụ",,"利用規約ページリンク 
 Link điều khoản",,,,テキスト,,URL,,,,"外部内部遷移 
 Mở trang",,,,,,,,"フッター表示
Hiển thị chân trang",,,,,,,,
,,,,,,,,,,,,,,,,,10.0,"プライバシーポリシー 
Chính sách bảo mật",,"プライバシーリンク 
 Link chính sách",,,,テキスト,,URL,,,,"外部内部遷移 
 Mở trang",,,,,,,,"フッター表示
Hiển thị chân trang",,,,,,,,
,,,,,,,,,,,,,,,,,11.0,"戻るボタン
Nút quay lại",,"前の画面へ戻ります
Quay lại màn hình trước ",,,,ボタン,,"なし
Không",,,,"画面遷移（戻ります）
Điều hướng quay lại",,,,,,,,"クリックで戻ります
Click để quay lại",,,,,,,,
,,,,,,,,,,,,,,,,,,,,,,,,,,,,,,,,,,,,,,,,,,,,,,
,,,,,,,,,,,,,,,,,,,,,,,,,,,,,,,,,,,,,,,,,,,,,,
,,,,,,,,,,,,,,,,,,,,,,,,,,,,,,,,,,,,,,,,,,,,,,
,,,,,,,,,,,,,,,,,,,,,,,,,,,,,,,,,,,,,,,,,,,,,,
,,,,,,,,,,,,,,,,,,,,,,,,,,,,,,,,,,,,,,,,,,,,,,
,,,,,,,,,,,,,,,,,,,,,,,,,,,,,,,,,,,,,,,,,,,,,,
,,,,,,,,,,,,,,,,,,,,,,,,,,,,,,,,,,,,,,,,,,,,,,
,,,,,,,,,,,,,,,,,,,,,,,,,,,,,,,,,,,,,,,,,,,,,,
,,,,,,,,,,,,,,,,,,,,,,,,,,,,,,,,,,,,,,,,,,,,,,
,,,,,,,,,,,,,,,,,,,,,,,,,,,,,,,,,,,,,,,,,,,,,,
,,,,,,,,,,,,,,,,,,,,,,,,,,,,,,,,,,,,,,,,,,,,,,
,,,,,,,,,,,,,,,,,,,,,,,,,,,,,,,,,,,,,,,,,,,,,,
,,,,,,,,,,,,,,,,,,,,,,,,,,,,,,,,,,,,,,,,,,,,,,
,,,,,,,,,,,,,,,,,,,,,,,,,,,,,,,,,,,,,,,,,,,,,,
,,,,,,,,,,,,,,,,,,,,,,,,,,,,,,,,,,,,,,,,,,,,,,
,,,,,,,,,,,,,,,,,,,,,,,,,,,,,,,,,,,,,,,,,,,,,,
,,,,,,,,,,,,,,,,,,,,,,,,,,,,,,,,,,,,,,,,,,,,,,
,,,,,,,,,,,,,,,,,,,,,,,,,,,,,,,,,,,,,,,,,,,,,,
,,,,,,,,,,,,,,,,,,,,,,,,,,,,,,,,,,,,,,,,,,,,,,
,,,,,,,,,,,,,,,,,,,,,,,,,,,,,,,,,,,,,,,,,,,,,,
,,,,,,,,,,,,,,,,,,,,,,,,,,,,,,,,,,,,,,,,,,,,,,
,,,,,,,,,,,,,,,,,,,,,,,,,,,,,,,,,,,,,,,,,,,,,,
,,,,,,,,,,,,,,,,,,,,,,,,,,,,,,,,,,,,,,,,,,,,,,
,,,,,,,,,,,,,,,,,,,,,,,,,,,,,,,,,,,,,,,,,,,,,,
,画面ID,,2.0,,画面タイトル,,"ログイン
Đăng nhập",,,,,,ロールID,,46056.0,,画面項目,,,,,,,,,,,,,,,,,,,,,,,,,,,,,
,画面レイアウト・デザイン,,,,,,,,,,,,,,,,No,項目名称,,項目説明,,,,分類,,選択肢・入力値,,,,処理内容,,,,,,,,備考,,,,,,,,
,,,,,,,,,,,,,,,,,1.0,"ロゴ
 Logo",,"サービスロゴ表示
 Hiển thị logo",,,,画像,,"固定画像 
Ảnh cố định",,,,"画面上部に表示 
 Hiển thị đầu trang",,,,,,,,,,,,,,,,
,,,,,,,,,,,,,,,,,2.0,"ログインタイトル 
Tiêu đề đăng nhập",,"「ログイン」タイトル表示 
 Hiển thị tiêu đề đăng nhập",,,,テキスト,,"固定文言
「ĐĂNG NHẬP」",,,,"フォーム上部に表示 
 Hiển thị trên form",,,,,,,,,,,,,,,,
,,,,,,,,,,,,,,,,,3.0,"メールアドレス 
 Email",,"メール入力欄 
 Nhập email",,,,テキスト,,"メール形式 
 Định dạng email",,,,"形式チェック＋必須 
Validate format + bắt buộc",,,,,,,,"エラー表示あり
Có hiển thị lỗi",,,,,,,,
,,,,,,,,,,,,,,,,,4.0,"パスワード 
 Mật khẩu",,"パスワード入力欄 
Nhập mật khẩu",,,,テキスト,,"文字列入力 
 Nhập text",,,,"桁数チェック 
Kiểm tra độ dài",,,,,,,,"マスク表示 
Ẩn ký tự",,,,,,,,
,,,,,,,,,,,,,,,,,5.0,"パスワードをお忘れですか
Quên mật khẩu",,"登録されたメールアドレスにパスワードを送信します
Gửi mật khẩu tới email đã đăng ký",,,,テキスト,,"なし
Không có",,,,"クリックすると登録メールアドレスにパスワードを送信します
Khi nhấn sẽ gửi mật khẩu đến email đã đăng ký",,,,,,,,"メール送信
Gửi email",,,,,,,,
,,,,,,,,,,,,,,,,,6.0,"ログインボタン
Nút đăng nhập",,"ログイン処理を実行します
Thực hiện đăng nhập",,,,ボタン,,"なし
Không",,,,"メールとパスワードを認証します
Xác thực email và mật khẩu",,,,,,,,"成功時ホーム画面へ遷移
Thành công → chuyển sang trang chủ",,,,,,,,
,,,,,,,,,,,,,,,,,7.0,"新規登録
Đăng ký",,"新規登録画面へ移動します
Đi đến trang đăng ký",,,,テキスト,,URL,,,,"新規登録ページへ遷移
Chuyển sang trang đăng ký",,,,,,,,"未登録ユーザー用
Dành cho người chưa có tài khoản",,,,,,,,
,,,,,,,,,,,,,,,,,8.0,"利用規約 
 Điều khoản dịch vụ",,"利用規約ページリンク 
 Link điều khoản",,,,テキスト,,URL,,,,"外部内部遷移 
Mở trang",,,,,,,,"フッター表示
Hiển thị chân trang",,,,,,,,
,,,,,,,,,,,,,,,,,9.0,"プライバシーポリシー 
Chính sách bảo mật",,"プライバシーリンク 
Link chính sách",,,,テキスト,,URL,,,,"外部内部遷移 
Mở trang",,,,,,,,"フッター表示
Hiển thị chân trang",,,,,,,,
,,,,,,,,,,,,,,,,,10.0,"戻るボタン
Nút quay lại",,"前の画面へ戻ります
Quay lại màn hình trước ",,,,ボタン,,"なし
Không",,,,"画面遷移（戻ります）
Điều hướng quay lại",,,,,,,,"ゲスト用ホームページに戻ります
Quay lại trang chủ cho khách vãng lai",,,,,,,,
,,,,,,,,,,,,,,,,,,,,,,,,,,,,,,,,,,,,,,,,,,,,,,
,,,,,,,,,,,,,,,,,,,,,,,,,,,,,,,,,,,,,,,,,,,,,,
,,,,,,,,,,,,,,,,,,,,,,,,,,,,,,,,,,,,,,,,,,,,,,
,,,,,,,,,,,,,,,,,,,,,,,,,,,,,,,,,,,,,,,,,,,,,,
,,,,,,,,,,,,,,,,,,,,,,,,,,,,,,,,,,,,,,,,,,,,,,
,,,,,,,,,,,,,,,,,,,,,,,,,,,,,,,,,,,,,,,,,,,,,,
,,,,,,,,,,,,,,,,,,,,,,,,,,,,,,,,,,,,,,,,,,,,,,
,,,,,,,,,,,,,,,,,,,,,,,,,,,,,,,,,,,,,,,,,,,,,,
,,,,,,,,,,,,,,,,,,,,,,,,,,,,,,,,,,,,,,,,,,,,,,
,,,,,,,,,,,,,,,,,,,,,,,,,,,,,,,,,,,,,,,,,,,,,,
,,,,,,,,,,,,,,,,,,,,,,,,,,,,,,,,,,,,,,,,,,,,,,
,,,,,,,,,,,,,,,,,,,,,,,,,,,,,,,,,,,,,,,,,,,,,,
,,,,,,,,,,,,,,,,,,,,,,,,,,,,,,,,,,,,,,,,,,,,,,
,,,,,,,,,,,,,,,,,,,,,,,,,,,,,,,,,,,,,,,,,,,,,,
,,,,,,,,,,,,,,,,,,,,,,,,,,,,,,,,,,,,,,,,,,,,,,
,,,,,,,,,,,,,,,,,,,,,,,,,,,,,,,,,,,,,,,,,,,,,,
,,,,,,,,,,,,,,,,,,,,,,,,,,,,,,,,,,,,,,,,,,,,,,
,,,,,,,,,,,,,,,,,,,,,,,,,,,,,,,,,,,,,,,,,,,,,,
,,,,,,,,,,,,,,,,,,,,,,,,,,,,,,,,,,,,,,,,,,,,,,
,,,,,,,,,,,,,,,,,,,,,,,,,,,,,,,,,,,,,,,,,,,,,,
,画面ID,,5.0,,画面タイトル,,"店舗一覧画面（ログインユーザー向け）
Trang danh sách quán cho người tìm quán (Đã đăng nhập)",,,,,,ロールID,,2.0,,画面項目,,,,,,,,,,,,,,,,,,,,,,,,,,,,,
,画面レイアウト・デザイン,,,,,,,,,,,,,,,,No,項目名称,,項目説明,,,,分類,,選択肢・入力値,,,,処理内容,,,,,,,,備考,,,,,,,,
,,,,,,,,,,,,,,,,,1.0,"ロゴ 
 Logo",,"サービスのロゴを表示します
Hiển thị logo của dịch vụ",,,,画像,,"なし
Không",,,,"画面上部に表示 
 Hiển thị đầu trang",,,,,,,,,,,,,,,,
,,,,,,,,,,,,,,,,,2.0,"ホーム 
 Trang chủ",,"ホーム画面へのリンクを表示します 
Hiển thị liên kết tới trang chủ",,,,テキスト,,"なし
Không",,,,"クリックでホーム画面へ遷移します
Nhấn để chuyển về trang chủ",,,,,,,,"ヘッダー表示 
 Hiển thị trên thanh
 đầu trang",,,,,,,,
,,,,,,,,,,,,,,,,,3.0,"言語切替 
 Chuyển ngôn ngữ",,"表示言語を切り替えります 
 Chuyển đổi ngôn ngữ hiển thị",,,,ドロップダウン,,"日本語   ベトナム語 
Tiếng Nhật  Tiếng Việt ",,,,"選択した言語に応じて画面内文言を切り替えります
Đổi toàn bộ ngôn ngữ giao diện theo lựa chọn",,,,,,,,"初期値あります
 Có giá trị mặc định",,,,,,,,
,,,,,,,,,,,,,,,,,4.0,"アカウントアイコン
Biểu tượng tài khoản",,"アカウントメニューを開きます
Mở menu tài khoản",,,,ボタン,,"アイコン表示
Hiển thị biểu tượng",,,,"クリックするとアカウントメニューを表示します
Nhấn vào sẽ hiển thị menu tài khoản",,,,,,,,"ログイン状態により表示内容が変わります
Nội dung hiển thị thay đổi theo trạng thái đăng nhập",,,,,,,,
,,,,,,,,,,,,,,,,,5.0,"個人情報 / ログイン
Thông tin / Đăng nhập",,"ログイン済みの場合は個人情報画面へ遷移し、未ログインの場合はログイン画面へ遷移します
Nếu đã đăng nhập thì chuyển tới màn hình thông tin, nếu là khách vãng lai thì chuyển tới màn hình đăng nhập",,,,テキスト,,"ログイン時:「個人情報」
Khi đã đăng nhập: “Thông tin”

未ログイン時:「ログイン」
Khi chưa đăng nhập: “Đăng nhập”",,,,"ユーザー状態に応じて該当画面へ遷移します
Điều hướng tới màn hình tương ứng theo trạng thái người dùng",,,,,,,,"ゲスト時はログイン導線
Với khách vãng lai thì đây là mục đăng nhập",,,,,,,,
,,,,,,,,,,,,,,,,,6.0,"ログアウト / 新規登録
Đăng xuất / Đăng ký",,"ログイン済みの場合はログアウトを実行し、未ログインの場合は新規登録画面へ遷移します
Nếu đã đăng nhập thì thực hiện đăng xuất, nếu là khách vãng lai thì chuyển tới màn hình đăng ký",,,,テキスト,,"ログイン時:「ログアウト」
Khi đã đăng nhập: “Đăng xuất”

未ログイン時:「新規登録」
Khi chưa đăng nhập: “Đăng ký”",,,,"ログイン時はセッションを終了し、未ログイン時は登録画面へ遷移します
Nếu đã đăng nhập thì kết thúc phiên làm việc, nếu chưa đăng nhập thì chuyển tới màn hình đăng ký",,,,,,,,"ゲスト時は会員登録導線
Với khách vãng lai thì đây là mục đăng ký",,,,,,,,
,,,,,,,,,,,,,,,,,7.0,"メインタイトル
Tiêu đề chính",,"画面の主メッセージを表示します
Hiển thị thông điệp chính của màn hình",,,,テキスト,,"なし
Không",,,,"ヒーローエリア中央に固定表示します
Hiển thị cố định tại khu vực trung tâm của banner chính",,,,,,,,"強調表示
Hiển thị nổi bật",,,,,,,,
,,,,,,,,,,,,,,,,,8.0,"地域選択
Chọn khu vực",,"検索対象の地域を選択します
Chọn khu vực để tìm kiếm",,,,ドロップダウン,,"バーディン、ホアンキエム、ドンダー など
Ba Đình, Hoàn Kiếm, Đống Đa, v.v.",,,,"選択した地域で店舗一覧を絞り込みます
Lọc danh sách quán theo khu vực đã chọn",,,,,,,,"未選択可
Có thể để trống",,,,,,,,
,,,,,,,,,,,,,,,,,9.0,"店舗検索入力欄
Ô tìm kiếm quán cà phê",,"店舗名またはキーワードを入力して検索します
Nhập tên quán hoặc từ khóa để tìm kiếm",,,,テキスト,,"文字入力
Nhập văn bản",,,,"入力されたキーワードに基づいて検索条件を設定します
Thiết lập điều kiện tìm kiếm dựa trên từ khóa đã nhập",,,,,,,,"部分一致検索
Tìm kiếm gần đúng",,,,,,,,
,,,,,,,,,,,,,,,,,10.0,"検索ボタン
Nút tìm kiếm",,"条件に基づいて検索を実行します
Thực hiện tìm kiếm theo điều kiện",,,,ボタン,,"なし
Không",,,,"地域、キーワード、フィルター条件に応じて店舗一覧を更新します
Cập nhật danh sách quán theo khu vực, từ khóa và điều kiện lọc",,,,,,,,"条件未入力でも実行可
Có thể thực hiện ngay cả khi chưa nhập từ khóa",,,,,,,,
,,,,,,,,,,,,,,,,,11.0,"フィルター展開ボタン
Nút mở bộ lọc",,"フィルターパネルを表示または非表示にします
Hiển thị hoặc ẩn bảng bộ lọc",,,,ボタン,,"""No.6 と連動可 
Có thể liên kết với mục 6""		",,,,"クリックするとフィルター項目一覧を展開します
Nhấn vào sẽ mở danh sách các tiêu chí lọc",,,,,,,,"トグル表示
Hiển thị dạng bật/tắt",,,,,,,,
,,,,,,,,,,,,,,,,,12.0,"フィルターパネル
Bảng bộ lọc",,"詳細条件を複数選択して店舗一覧を絞り込みます
Chọn nhiều điều kiện chi tiết để lọc danh sách quán",,,,〇〇表示領域,,"距離: 1km未満、1〜3km、3〜5km、5km以上
Khoảng cách: dưới 1km, 1–3km, 3–5km, trên 5km

評価: 4つ星以上、3つ星以上
Đánh giá: từ 4 sao, từ 3 sao

Wi-Fiが強い
Wi-Fi mạnh

コンセントが多い
Nhiều ổ cắm

時間制限なし
Không giới hạn thời gian ngồi

日本系
Đồ Nhật

「適用」「取消」
“Áp dụng”, “Hủy bỏ”",,,,"選択した条件で店舗一覧を絞り込み、「適用」で反映し、「取消」で解除します
Lọc danh sách quán theo điều kiện đã chọn, nhấn “Áp dụng” để thực hiện, nhấn “Hủy bỏ” để xóa chọn",,,,,,,,"複数選択可
Cho phép chọn nhiều điều kiện",,,,,,,,
,,,,,,,,,,,,,,,,,13.0,"おすすめカフェ見出し
Tiêu đề quán nổi bật",,"おすすめカフェ一覧セクションの見出しを表示します
Hiển thị tiêu đề của khu vực danh sách quán nổi bật",,,,テキスト,,"なし
Không",,,,"一覧セクションのタイトルとして固定表示します
Hiển thị cố định như tiêu đề của khu vực danh sách",,,,,,,,"常時表示
Hiển thị thường xuyên",,,,,,,,
,,,,,,,,,,,,,,,,,14.0,"お気に入りボタン
Nút yêu thích",,"店舗をお気に入りに追加または解除します
Thêm hoặc bỏ quán khỏi danh sách yêu thích",,,,ボタン,,"アイコン表示
Hiển thị biểu tượng",,,,"クリックするとお気に入り状態を切り替えります
Nhấn vào sẽ chuyển đổi trạng thái yêu thích",,,,,,,,"ログイン時のみ保存可能
Chỉ lưu được khi đã đăng nhập",,,,,,,,
,,,,,,,,,,,,,,,,,15.0,"ハッシュタグ表示
Hiển thị hashtag",,"店舗の特徴タグを表示します
Hiển thị hashtag đặc trưng của quán",,,,テキスト,,"#Wi-Fi
#NhieuOCam
#KhongGioHanThoiGian
#DoNhat",,,,"店舗に設定されたタグをカード下部に表示します
Hiển thị các hashtag đã gán cho quán ở phía dưới thẻ",,,,,,,,"画面上のハッシュタグは例示であり、実際の表示内容は「選択肢・入力値」に記載された内容に基づく
Các hashtag trong ảnh mang tính minh họa, nội dung thực tế theo các lựa chọn / giá trị nhập đã liệt kê",,,,,,,,
,,,,,,,,,,,,,,,,,16.0,"詳細表示ボタン
Nút xem",,"店舗の詳細画面へ遷移します
Chuyển tới màn hình chi tiết quán",,,,ボタン,,"なし
Không",,,,"クリックした店舗の詳細情報画面へ遷移します
Chuyển tới màn hình chi tiết của quán được chọn",,,,,,,,"各カードに表示
Hiển thị trên từng thẻ",,,,,,,,
,,,,,,,,,,,,,,,,,17.0,"店舗画像
Ảnh quán",,"店舗を代表する画像を表示します
Hiển thị ảnh đại diện của quán",,,,画像,,"登録画像
Ảnh đã đăng ký",,,,"一覧カード上部に店舗画像を表示します
Hiển thị ảnh quán ở phần trên của thẻ danh sách",,,,,,,,"未設定時はデフォルト画像を表示します
Nếu chưa có ảnh thì hiển thị ảnh mặc định",,,,,,,,
,,,,,,,,,,,,,,,,,18.0,"店舗情報表示領域
Vùng hiển thị thông tin quán",,"店舗名、説明、営業時間、住所、評価を表示します
Hiển thị tên quán, mô tả, giờ mở cửa, địa chỉ và đánh giá",,,,〇〇表示領域,,"店舗名、紹介文、営業時間、住所、星評価
Tên quán, mô tả, giờ mở cửa, địa chỉ, đánh giá sao",,,,"店舗データをカード内に表示します
Hiển thị dữ liệu của quán trong thẻ",,,,,,,,"一覧データと連動
Liên kết với dữ liệu danh sách",,,,,,,,
,,,,,,,,,,,,,,,,,,,,,,,,,,,,,,,,,,,,,,,,,,,,,,
,,,,,,,,,,,,,,,,,,,,,,,,,,,,,,,,,,,,,,,,,,,,,,
,,,,,,,,,,,,,,,,,,,,,,,,,,,,,,,,,,,,,,,,,,,,,,
,,,,,,,,,,,,,,,,,,,,,,,,,,,,,,,,,,,,,,,,,,,,,,
,,,,,,,,,,,,,,,,,,,,,,,,,,,,,,,,,,,,,,,,,,,,,,
,画面ID,,6.0,,画面タイトル,,"店舗詳細画面（ログインユーザー向け）
Trang chi tiết quán cho người tìm quán đã đăng nhập",,,,,,ロールID,,2.0,,画面項目,,,,,,,,,,,,,,,,,,,,,,,,,,,,,
,画面レイアウト・デザイン,,,,,,,,,,,,,,,,No,項目名称,,項目説明,,,,分類,,選択肢・入力値,,,,処理内容,,,,,,,,備考,,,,,,,,
,,,,,,,,,,,,,,,,,1.0,"ロゴ 
 Logo",,"サービスロゴを表示します  
Hiển thị logo của hệ thống",,,,画像,,"固定画像 
Ảnh cố định",,,,"画面上部に表示 
 Hiển thị đầu trang",,,,,,,,,,,,,,,,
,,,,,,,,,,,,,,,,,2.0,"店舗名 
Tên quán",,"カフェの名前を表示 
Hiển thị tên quán cafe",,,,テキスト,,"固定文言「店舗名」 
 Văn bản cố định ""Tên quán""",,,,,,,,,,,,"初期値あります
 Có giá trị mặc định",,,,,,,,
,,,,,,,,,,,,,,,,,3.0,"保存 
Bookmark",,"お気に入り保存ボタン 
Nút lưu vào mục yêu thích",,,,ボタン,,"なし
Không",,,,"お気に入りリストに登録・削除します
 Thêm hoặc xóa khỏi danh sách yêu thích",,,,,,,,,,,,,,,,
,,,,,,,,,,,,,,,,,4.0,"評価 
Xếp hạng",,"平均評価点とレビュー数 
Điểm đánh giá và số review",,,,〇〇表示領域,,"なし
Không",,,,"平均点と総件数を算出して表示します
Tính toán và hiển thị điểm TB sao  và tổng số lượt",,,,,,,,,,,,,,,,
,,,,,,,,,,,,,,,,,5.0,"営業時間 
Giờ mở cửa",,"店舗の稼働時間  
Thời gian hoạt động của quán",,,,テキスト,,"固定文言「営業時間 」 
 Văn bản cố định ""Giờ mở cửa""",,,,"店舗の営業時間を表示します
 Hiển thị thời gian mở cửa của cửa hàng",,,,,,,,"詳細のみ表示
Chỉ hiển thị tại phần chi tiết ",,,,,,,,
,,,,,,,,,,,,,,,,,6.0,"説明
 Mô tả quán ",,"店舗の詳細紹介文 
 Đoạn văn giới thiệu chi tiết quán",,,,テキスト,,"固定文言「説明」 
 Văn bản cố định “Mô tả quán”",,,,"店舗の紹介文とおすすめメニューを表示 
Hiển thị bài giới thiệu và menu đề xuất",,,,,,,,,,,,,,,,
,,,,,,,,,,,,,,,,,7.0,"ハッシュタグ 
Hashtag",,"特徴キーワード 
Từ khóa đặc trưng",,,,〇〇表示領域,,"#Wi-Fi, #Sanodien,...",,,,"関連タグを表示 
Hiển thị các tag liên quan",,,,,,,,"初期値あります
 Có giá trị mặc định",,,,,,,,
,,,,,,,,,,,,,,,,,8.0,"住所 
Địa chỉ",,"  店舗の所在地 
Địa chỉ của cửa hàng",,,,テキスト,," 固定文言「住所」 
 Văn bản cố định “Địa chỉ ”",,,,"住所を表示。クリックで地図アプリ起動 
 Hiển thị địa chỉ. Click để mở bản đồ",,,,,,,,,,,,,,,,
,,,,,,,,,,,,,,,,,9.0,"営業状態 
Trạng thái quán",,"現在の開店状況 
Tình trạng đóng/mở",,,,〇〇表示領域,,"営業中 / 閉店 
Mở cửa / Đóng cửa",,,,"システム時間に基づき表示 
Hiển thị theo giờ",,,,,,,,"店舗オーナーのみ調整可 
Chỉ chủ quán được điều chỉnh",,,,,,,,
,,,,,,,,,,,,,,,,,10.0,"おすすめメニュー 
Menu",,"おすすめの商品
 Món đặc trưng",,,,テーブル,,"商品名、価格、画像 
Tên sản phẩm, giá cả, hình ảnh ",,,,"スライド形式で商品を表示 
Hiển thị dạng slide",,,,,,,,,,,,,,,,
,,,,,,,,,,,,,,,,,11.0,"ホームボタン
Nút Home",,"ホームページへ移動
Chuyển đến trang chủ",,,,ボタン,,"ホームページ
Trang chủ",,,,"クリックでホーム画面へ遷移
Click chuyển về màn hình trang chủ",,,,,,,,"ナビゲーションバー内
Nằm trong thanh điều hướng",,,,,,,,
,,,,,,,,,,,,,,,,,12.0,"言語選択
Chọn ngôn ngữ",,"表示言語を切替
Chuyển đổi ngôn ngữ hiển thị",,,,ドロップダウン,,"日本語, ベトナム語, 英語
Tiếng Nhật, Tiếng Việt, Tiếng Anh",,,,"選択した言語で画面全体を再描画
Vẽ lại toàn bộ giao diện theo ngôn ngữ chọn",,,,,,,,"現在選択中の言語をハイライト
Highlight ngôn ngữ đang chọn",,,,,,,,
,,,,,,,,,,,,,,,,,13.0,"情報メニュー
Menu Thông tin",,"個人情報ページへ移動
Chuyển đến trang thông tin cá nhân",,,,ラジオボタン,,"情報
Thông tin",,,,"クリックで個人情報フォームを表示
Click hiển thị form thông tin cá nhân",,,,,,,,"ドロップダウン展開時のみ表示
Chỉ hiển thị khi dropdown mở",,,,,,,,
,,,,,,,,,,,,,,,,,14.0,"ログアウト
Đăng xuất",,"ログアウト処理実行
Thực hiện đăng xuất",,,,ラジオボタン,,"ログアウト
Đăng xuất",,,,"セッション削除→ログイン画面へ遷移
Xóa phiên → chuyển về màn hình đăng nhập",,,,,,,,"ドロップダウン展開時のみ表示
Chỉ hiển thị khi dropdown mở",,,,,,,,
,,,,,,,,,,,,,,,,,15.0,"レビュー
 Đánh giá ",,"レビューセクションのタイトル 
Tiêu đề mục đánh giá",,,,テキスト,,"なし
Không",,,,"レビュー一覧のタイトルを表示します 
Hiển thị tiêu đề của danh sách đánh giá",,,,,,,,"ログインが必要です
Bắt buộc đăng nhập ",,,,,,,,
,,,,,,,,,,,,,,,,,16.0,"レビュー一覧 
Review cũ",,"既存のレビュー 
Các nhận xét cũ",,,,テーブル,,"既存ユーザーのレビュー付き評価、または星評価のみ 
Đánh giá sao cùng với review của người dùng cũ hoặc chỉ có đánh giá sao",,,,"過去のレビューを表示 
Hiển thị review cũ",,,,,,,,,,,,,,,,
,,,,,,,,,,,,,,,,,17.0,"レビュータイトル 
Tiêu đề",,"投稿エリアのタイトル 
Tiêu đề viết",,,,テキスト,,"固定文言「レビュータイトル」 
 Văn bản cố định “Tiêu đề”",,,,"コメント入力と星評価選択のタイトル 
Tiêu đề hiển thị phần nhận xét và chọn sao",,,,,,,,,,,,,,,,
,,,,,,,,,,,,,,,,,18.0,"評価入力 
Chọn sao",,"星数で評価 
Đánh giá bằng sao",,,,チェックボックス,,"1～5星 
1 đến 5 sao",,,,"ユーザーが選択した星数を保持 
Lưu số sao chọn",,,,,,,,,,,,,,,,
,,,,,,,,,,,,,,,,,19.0,"コメント入力 
Ô nhập liệu",,"感想を入力 
Nhập cảm nhận",,,,テキスト,,"自由入力 
Nhập văn bản tự do",,,,"レビュー内容を入力します
Nhập nội dung review",,,,,,,,,,,,,,,,
,,,,,,,,,,,,,,,,,20.0,"レビュー送信 
Gửi review",,"レビュー投稿ボタン 
Nút gửi bài đánh giá",,,,ボタン,,"なし
Không",,,,"入力内容を保存し、一覧を更新します
 Lưu nội dung nhập và cập nhật danh sách",,,,,,,,"ログインが必要です
 Bắt buộc đăng nhập ",,,,,,,,
,,,,,,,,,,,,,,,,,,,,,,,,,,,,,,,,,,,,,,,,,,,,,,
,,,,,,,,,,,,,,,,,,,,,,,,,,,,,,,,,,,,,,,,,,,,,,
,画面ID,,7.0,,画面タイトル,,"個人情報ページ（ログインユーザー向け）
Trang thông tin cá nhân người tìm quán",,,,,,ロールID,,2.0,,画面項目,,,,,,,,,,,,,,,,,,,,,,,,,,,,,
,画面レイアウト・デザイン,,,,,,,,,,,,,,,,No,項目名称,,項目説明,,,,分類,,選択肢・入力値,,,,処理内容,,,,,,,,備考,,,,,,,,
,,,,,,,,,,,,,,,,,1.0,"ロゴ 
Logo",,"サービスロゴ表示
Hiển thị logo dịch vụ",,,,画像,,"固定画像
Ảnh cố định",,,,"画面左上部に表示
Hiển thị góc trên bên trái màn hình",,,,,,,,,,,,,,,,
,,,,,,,,,,,,,,,,,2.0,"ホームボタン
Nút Home",,"ホームページへ移動
Chuyển đến trang chủ",,,,ボタン,,"ホームページ
Trang chủ",,,,"クリックでホーム画面へ遷移
Click chuyển về màn hình trang chủ",,,,,,,,"ナビゲーションバー内
Nằm trong thanh điều hướng",,,,,,,,
,,,,,,,,,,,,,,,,,3.0,"言語選択
Chọn ngôn ngữ",,"表示言語を切替
Chuyển đổi ngôn ngữ hiển thị",,,,ドロップダウン,,"日本語, ベトナム語, 英語
Tiếng Nhật, Tiếng Việt, Tiếng Anh",,,,"選択した言語で画面全体を再描画
Vẽ lại toàn bộ giao diện theo ngôn ngữ chọn",,,,,,,,"現在選択中の言語をハイライト
Highlight ngôn ngữ đang chọn",,,,,,,,
,,,,,,,,,,,,,,,,,4.0,"ユーザーアイコン
Icon người dùng",,"ログイン済みユーザーアイコン表示
Hiển thị icon người dùng đã đăng nhập",,,,ドロップダウン,,"なし
Không",,,,"クリックでドロップダウンメニュー表示
Click hiển thị menu dropdown",,,,,,,,-,,,,,,,,
,,,,,,,,,,,,,,,,,5.0,"情報メニュー
Menu Thông tin",,"個人情報ページへ移動
Chuyển đến trang thông tin cá nhân",,,,ラジオボタン,,"情報
Thông tin",,,,"クリックで個人情報フォームを表示
Click hiển thị form thông tin cá nhân",,,,,,,,"ドロップダウン展開時のみ表示
Chỉ hiển thị khi dropdown mở",,,,,,,,
,,,,,,,,,,,,,,,,,6.0,"ログアウト
Đăng xuất",,"ログアウト処理実行
Thực hiện đăng xuất",,,,ラジオボタン,,"ログアウト
Đăng xuất",,,,"セッション削除→ログイン画面へ遷移
Xóa phiên → chuyển về màn hình đăng nhập",,,,,,,,"ドロップダウン展開時のみ表示
Chỉ hiển thị khi dropdown mở",,,,,,,,
,,,,,,,,,,,,,,,,,7.0,"セクションタイトル
Tiêu đề mục",,"お気に入りカフェセクションタイトル表示
Hiển thị tiêu đề mục quán yêu thích",,,,テキスト,,"お気に入りのコーヒーショップ
QUÁN CÀ PHÊ YÊU THÍCH",,,,"固定表示（編集不可）
Hiển thị cố định (không chỉnh sửa được)",,,,,,,,"太字・中央揃え
In đậm, căn giữa",,,,,,,,
,,,,,,,,,,,,,,,,,8.0,"カフェリスト切替タブ
Danh sách quán",,"お気に入りカフェリストタブ
Danh sách quán yêu thích",,,,テキスト,,"店舗一覧
Danh sách quán",,,,"固定表示（編集不可）
Hiển thị cố định (không chỉnh sửa được)",,,,,,,,-,,,,,,,,
,,,,,,,,,,,,,,,,,9.0,"カフェカード
Card quán cà phê",,"カフェ一覧の概要カード
Card tổng quan quán cà phê trong danh sách quán  ",,,,〇〇表示領域,,"なし
Không",,,,"カードクリックでユーザー向け店舗詳細画面へ遷移・ブックマークアイコンは黄色で表示
Click card chuyển đến trang chi tiết quán dành cho người tìm quán・Icon bookmark hiển thị màu vàng",,,,,,,,"ブックマーク済みのため黄色アイコン固定表示
Bookmark đã lưu nên icon hiển thị màu vàng cố định",,,,,,,,
,,,,,,,,,,,,,,,,,10.0,"カフェサムネイル
Ảnh thumbnail quán",,"カフェの代表写真表示
Hiển thị ảnh đại diện quán",,,,画像,,"なし
Không",,,,"DBからカフェ画像URLを取得して表示
Lấy URL ảnh quán từ DB và hiển thị",,,,,,,,-,,,,,,,,
,,,,,,,,,,,,,,,,,11.0,"カフェ名称
Tên quán",,"カフェの名称テキスト
Tên quán dạng văn bản",,,,テキスト,,"カフェ名（文字列）
Tên quán (chuỗi ký tự)",,,,"DBからカフェ名を取得して表示
Lấy tên quán từ DB và hiển thị",,,,,,,,"太字表示
In đậm",,,,,,,,
,,,,,,,,,,,,,,,,,12.0,"カフェ住所
Địa chỉ quán",,"カフェの住所テキスト
Địa chỉ quán dạng văn bản",,,,テキスト,,"住所（文字列）
Địa chỉ (chuỗi ký tự)",,,,"DBから住所を取得して表示
Lấy địa chỉ từ DB và hiển thị",,,,,,,,-,,,,,,,,
,,,,,,,,,,,,,,,,,13.0,"星評価（アイコン）
Icon đánh giá sao",,"カフェの評価を星で表示
Hiển thị đánh giá quán bằng sao",,,,〇〇表示領域,,"★1〜★5
★1 đến ★5",,,,"評価値に応じて星の数を描画
Vẽ số sao tương ứng với điểm đánh giá",,,,,,,,"半星対応可
Có thể hiển thị nửa sao",,,,,,,,
,,,,,,,,,,,,,,,,,14.0,"評価数値
Điểm đánh giá số",,"カフェの平均評価を数値表示
Hiển thị điểm đánh giá trung bình dạng số",,,,テキスト,,"0.0〜5.0（小数1桁）
0.0 đến 5.0 (1 chữ số thập phân)",,,,"DBから平均評価を計算して表示
Tính và hiển thị điểm trung bình từ DB",,,,,,,,"例: 4.5
ví dụ: 4.5",,,,,,,,
,,,,,,,,,,,,,,,,,15.0,"ユーザー情報パネル
Panel thông tin người dùng",,"ログインユーザーの情報エリア
Khu vực hiển thị thông tin người dùng đăng nhập",,,,〇〇表示領域,,"なし
Không",,,,"ログインユーザー情報を取得してパネル内に表示
Lấy thông tin người dùng đăng nhập và hiển thị trong panel",,,,,,,,"左サイドバーに配置
Đặt ở thanh bên trái",,,,,,,,
,,,,,,,,,,,,,,,,,16.0,"ユーザーアバター
Ảnh đại diện người dùng",,"ユーザーのプロフィール写真
Ảnh đại diện của người dùng",,,,画像,,"なし
Không",,,,"DBからユーザー画像を取得して表示
Lấy ảnh người dùng từ DB và hiển thị",,,,,,,,"未設定時はデフォルトアバター表示
Hiển thị avatar mặc định nếu chưa cài",,,,,,,,
,,,,,,,,,,,,,,,,,17.0,"ユーザー名
Tên người dùng",,"フルネームテキスト表示
Hiển thị họ và tên đầy đủ",,,,テキスト,,"フルネーム（文字列）
Họ tên đầy đủ (chuỗi ký tự)",,,,"DBからユーザー名を取得して表示
Lấy tên người dùng từ DB và hiển thị",,,,,,,,"太字・大文字
In đậm, chữ lớn",,,,,,,,
,,,,,,,,,,,,,,,,,18.0,"編集ボタン
Nút chỉnh sửa",,"個人情報編集フォームを開く
Mở form chỉnh sửa thông tin cá nhân",,,,ボタン,,"編集
Chỉnh sửa",,,,"クリックで右側の個人情報フォームを開く
Click mở form thông tin cá nhân ở phía phải",,,,,,,,-,,,,,,,,
,,,,,,,,,,,,,,,,,19.0,"フォームタイトル
Tiêu đề form",,"個人情報更新フォームのタイトル
Tiêu đề form cập nhật thông tin cá nhân",,,,テキスト,,"個人情報の更新
CẬP NHẬT THÔNG TIN CÁ NHÂN",,,,"固定表示（編集不可）
Hiển thị cố định (không chỉnh sửa được)",,,,,,,,-,,,,,,,,
,,,,,,,,,,,,,,,,,20.0,"アバタープレビュー
Xem trước avatar",,"更新前のアバター画像をプレビュー表示
Hiển thị xem trước ảnh đại diện trước khi cập nhật",,,,画像,,"なし
Không",,,,"現在のアバター画像を円形で表示
Hiển thị ảnh đại diện hiện tại dạng hình tròn",,,,,,,,-,,,,,,,,
,,,,,,,,,,,,,,,,,21.0,"アバター変更ボタン
Nút thay đổi ảnh",,"アバター画像の変更をトリガー
Kích hoạt thay đổi ảnh đại diện",,,,ボタン,,"カメラアイコン
Icon máy ảnh",,,,"クリックでファイル選択ダイアログを開く
Click mở hộp thoại chọn file",,,,,,,,"PNG/JPG/GIF対応
Hỗ trợ PNG/JPG/GIF",,,,,,,,
,,,,,,,,,,,,,,,,,22.0,"ユーザー名表示
Hiển thị tên người dùng",,"ユーザーのフルネームをテキストで表示
Hiển thị họ tên đầy đủ của người dùng dạng văn bản",,,,テキスト,,"フルネーム（文字列）
Họ tên đầy đủ (chuỗi ký tự)",,,,"DBからユーザー名を取得して表示
Lấy tên người dùng từ DB và hiển thị",,,,,,,,-,,,,,,,,
,,,,,,,,,,,,,,,,,23.0,"氏名編集ボタン
Nút chỉnh sửa tên",,"ユーザー名の編集を有効にするボタン
Nút kích hoạt chỉnh sửa tên người dùng",,,,ボタン,,"なし
Không",,,,"クリックで氏名フィールドを編集可能状態に切替
Click chuyển trường tên sang trạng thái có thể chỉnh sửa",,,,,,,,-,,,,,,,,
,,,,,,,,,,,,,,,,,24.0,"メールアドレス表示
Hiển thị địa chỉ email",,"登録済みメールアドレスを表示（編集不可）
Hiển thị địa chỉ email đã đăng ký (không thể chỉnh sửa)",,,,テキスト,,"登録済みメールアドレス
Địa chỉ email đã đăng ký",,,,"DBからメールアドレスを取得して表示（編集不可）
Lấy email từ DB và hiển thị (không chỉnh sửa được)",,,,,,,,-,,,,,,,,
,,,,,,,,,,,,,,,,,25.0,"メール変更不可メッセージ
Thông báo không thể thay đổi email",,"メールアドレスは変更できない旨を通知
Thông báo địa chỉ email không thể thay đổi",,,,テキスト,,"メールアドレスは変更できません。
Địa chỉ email không thể thay đổi",,,,"固定表示
Hiển thị cố định",,,,,,,,-,,,,,,,,
,,,,,,,,,,,,,,,,,26.0,"キャンセルボタン
Nút hủy",,"個人情報更新をキャンセル
Hủy cập nhật thông tin cá nhân",,,,ラジオボタン,,"キャンセル
Hủy",,,,"変更を破棄してフォームを閉じる / 元の値に戻します
Hủy thay đổi, đóng form / trả về giá trị ban đầu",,,,,,,,-,,,,,,,,
,,,,,,,,,,,,,,,,,27.0,"保存ボタン
Nút lưu thay đổi",,"個人情報の変更を保存
Lưu thay đổi thông tin cá nhân",,,,ラジオボタン,,"変更を保存します
Lưu thay đổi",,,,"入力値バリデーション→APIに送信→成功時はトースト表示＆フォーム閉じます
Validate dữ liệu → gửi API → thành công: hiện toast & đóng form",,,,,,,,-,,,,,,,,
,,,,,,,,,,,,,,,,,,,,,,,,,,,,,,,,,,,,,,,,,,,,,,
,画面ID,,8.0,,画面タイトル,,"店舗オーナー情報ページ
Trang thông tin của chủ quán",,,,,,ロールID,,3.0,,画面項目,,,,,,,,,,,,,,,,,,,,,,,,,,,,,
,画面レイアウト・デザイン,,,,,,,,,,,,,,,,No,項目名称,,項目説明,,,,分類,,選択肢・入力値,,,,処理内容,,,,,,,,備考,,,,,,,,
,,,,,,,,,,,,,,,,,1.0,"ロゴ 
Logo",,"ブランドアイコン 
 Biểu tượng thương hiệu",,,,画像,,"固定画像 
Ảnh cố định",,,,"画面左上部に表示
Hiển thị góc trên bên trái màn hình",,,,,,,,,,,,,,,,
,,,,,,,,,,,,,,,,,2.0,"画面タイトル
Tiêu đề màn hình",,"現在の画面名を表示 
 Hiển thị tên màn hình hiện tại",,,,テキスト,,"タイトル文字列
Chuỗi tiêu đề",,,,"「DANH SÁCH QUÁN CỦA TÔI」を表示
Hiển thị ""DANH SÁCH QUÁN CỦA TÔI""",,,,,,,,"現在の画面の機能を示す見出しです。
Tiêu đề chỉ định chức năng của màn hình hiện tại.",,,,,,,,
,,,,,,,,,,,,,,,,,3.0,"オーナーラベル
Nhãn vai trò",,"ユーザーの役割を表示
Hiển thị vai trò người dùng",,,,テキスト,,"店舗オーナー
 Chủ quán",,,,"権限表示 
Hiển thị quyền hạn",,,,,,,,"権限管理用 
Dùng để phân quyền",,,,,,,,
,,,,,,,,,,,,,,,,,4.0,"オーナーのアバター表示
Hiển thị ảnh đại diện chủ quán",,"オーナーのプロフィール画像を表示する円形の枠。
Khung hình tròn hiển thị ảnh hồ sơ của chủ quán.",,,,〇〇表示領域,,"なし
Không",,,,"DBからユーザー画像を取得して円形で表示
Lấy ảnh người dùng từ DB và hiển thị dạng hình tròn",,,,,,,,"アバター含む 
Bao gồm ảnh đại diện",,,,,,,,
,,,,,,,,,,,,,,,,,5.0,"リストタイトル
Tiêu đề danh sách",,"店舗セクションタイトル 
 Tiêu đề danh sách cửa hàng",,,,テキスト,,"DB登録情報 (文字列)
Thông tin DB (Chuỗi ký tự)",,,,"固定表示
 Hiển thị cố định",,,,,,,,"所有店舗一覧 
Danh sách cửa hàng sở hữu",,,,,,,,
,,,,,,,,,,,,,,,,,6.0,"オーナー詳細情報
Thông tin chi tiết chủ quán",,"氏名/電話/メールを表示 
 Hiển thị họ tên, số điện thoại, email",,,,テーブル,,"DB登録情報 
Thông tin DB",,,,"DBから氏名とメールを取得して表示
Lấy tên và email từ DB và hiển thị",,,,,,,,"編集不可 
Không chỉnh sửa",,,,,,,,
,,,,,,,,,,,,,,,,,7.0,"プロフィール編集ボタン
Nút chỉnh sửa hồ sơ",,"クリックすると個人情報更新画面へ遷移します。
Click để chuyển sang màn hình cập nhật thông tin cá nhân.",,,,ボタン,,"クリック操作 
Nhấn chuột",,,,"編集画面を表示 
Hiển thị màn hình chỉnh sửa",,,,,,,,,,,,,,,,
,,,,,,,,,,,,,,,,,8.0,"店写真
Ảnh quán",,"店舗外観写真を表示 
Hiển thị ảnh cửa hàng",,,,画像,,"店舗画像 
Ảnh cửa hàng",,,,"DBからカフェ画像URLを取得して表示
Lấy URL ảnh quán từ DB và hiển thị",,,,,,,,,,,,,,,,
,,,,,,,,,,,,,,,,,9.0,"店名
Tên quán",,"各店舗の登録名称を表示。
Hiển thị tên đã đăng ký của từng cửa hàng.",,,,テキスト,,"店名 (文字列)
Tên quán (Chuỗi ký tự)",,,,"固定表示 
 Hiển thị cố định",,,,,,,,,,,,,,,,
,,,,,,,,,,,,,,,,,10.0,"店住所
Địa chỉ quán",,"店舗所在地を表示 
Hiển thị địa chỉ cửa hàng",,,,テキスト,,"DB登録住所 
Địa chỉ DB",,,,"固定表示 
Hiển thị cố định",,,,,,,,,,,,,,,,
,,,,,,,,,,,,,,,,,11.0,"評価
Đánh giá",,"平均評価スコアと星アイコンを表示。
Hiển thị điểm đánh giá trung bình và biểu tượng sao.",,,,テキスト,,"星数/スコア 
 Số sao, điểm★1 đến ★5",,,,"自動計算 
 Tính tự động",,,,,,,,,,,,,,,,
,,,,,,,,,,,,,,,,,12.0,"削除ボタン
Nút xóa",,"店舗を削除します
Xóa cửa hàng",,,,ボタン,,"クリック操作 
Nhấn chuột",,,,"店舗削除 
 Xóa cửa hàng",,,,,,,,"確認ダイアログあります
Có hộp thoại xác nhận",,,,,,,,
,,,,,,,,,,,,,,,,,13.0,"店舗行
Dòng thông tin quán",,"店舗情報まとめ表示 
Hiển thị thông tin quán",,,,テーブル,,"店名+住所+評価 
 Tên+Địa chỉ+Đánh giá",,,,"固定表示 
Hiển thị cố định",,,,,,,,,,,,,,,,
,,,,,,,,,,,,,,,,,14.0,"店追加ボタン
Nút thêm quán",,"「+ Thêm」ボタン。新規店舗登録画面を開く。
Nút ""+ Thêm"". Mở màn hình thêm thông tin quán mới.",,,,ボタン,,"クリック操作 
Nhấn chuột",,,,"登録フォームを開きます 
Mở form đăng ký",,,,,,,,,,,,,,,,
,,,,,,,,,,,,,,,,,15.0,"言語選択
Lựa chọn ngôn ngữ",,"UIの表示言語（ベトナム語/日本語/英語）を切り替えります。
Thay đổi ngôn ngữ hiển thị của giao diện (VN/JP/EN).",,,,ドロップダウン,,"日本語, ベトナム語, 英語
Tiếng Nhật, Tiếng Việt, Tiếng Anh",,,,"UI言語変更 
Thay đổi ngôn ngữ	",,,,,,,,,,,,,,,,
,,,,,,,,,,,,,,,,,16.0,"プロフィールアイコン
Biểu tượng hồ sơ",,"ヘッダー右側の、メニューを開くためのアイコン。
Biểu tượng góc phải header dùng để mở menu.",,,,画像,,"アイコン画像 
Ảnh icon",,,,"プロフィール画面へ移動 
 Mở trang hồ sơ",,,,,,,,,,,,,,,,
,,,,,,,,,,,,,,,,,17.0,"プロフィール表示
Thông tin",,"店舗オーナー情報を表示
 Hiển thị thông tin chủ quán ",,,,〇〇表示領域,,"店舗情報 
 Thông tin quán",,,,"固定表示 
Hiển thị cố định",,,,,,,,,,,,,,,,
,,,,,,,,,,,,,,,,,18.0,"ログアウト
Đăng xuất",,"アカウント終了 
Đăng xuất tài khoản",,,,ボタン,,"クリック操作 
Nhấn chuột",,,,"セッション終了 
Kết thúc phiên",,,,,,,,,,,,,,,,
,,,,,,,,,,,,,,,,,19.0,"個人情報更新フォームのタイトル
Tiêu đề form cập nhật thông tin cá nhân ",,"「CẬP NHẬT THÔNG TIN CÁ NHÂN」と表示。
Hiển thị dòng chữ ""CẬP NHẬT THÔNG TIN CÁ NHÂN"".",,,,テキスト,,"固定文字列
 Chuỗi cố định",,,,"固定表示 
Hiển thị cố định",,,,,,,,,,,,,,,,
,,,,,,,,,,,,,,,,,20.0,"アバター表示
Hiển thị ảnh",,"編集画面中央に表示される大きなプロフィール画像。
Ảnh hồ sơ lớn hiển thị giữa màn hình chỉnh sửa.",,,,画像,,"店舗画像URL 
 URL ảnh quán",,,,"固定表示 
Hiển thị cố định",,,,,,,,,,,,,,,,
,,,,,,,,,,,,,,,,,21.0,"写真変更ボタン
Thay đổi ảnh",,"メニュー写真変更 
 Thay đổi ảnh",,,,ボタン,,"クリック操作 
Nhấn chuột",,,,"画像更新 
Cập nhật ảnh",,,,,,,,,,,,,,,,
,,,,,,,,,,,,,,,,,22.0,"氏名入力欄
Trường nhập tên",,"オーナーの氏名を編集するための入力エリア。
Khu vực nhập liệu để chỉnh sửa họ tên chủ quán.",,,,テキスト,,"入力文字列 
Chuỗi nhập",,,,"名前保存 
Lưu tên",,,,,,,,"キャンセル可能 
Có thể hủy",,,,,,,,
,,,,,,,,,,,,,,,,,23.0,"名前編集アイコン
Icon sửa tên",,"名前入力欄の横にある編集用のペンアイコン。
Biểu tượng cây bút dùng để sửa cạnh ô nhập tên.",,,,ボタン,,"クリック操作 
Nhấn chuột",,,,"入力情報保存 
 Lưu thông tin nhập",,,,,,,,,,,,,,,,
,,,,,,,,,,,,,,,,,24.0,"メールアドレス表示
Địa chỉ Email",,"登録済みのメール。編集不可（ReadOnly）。
Email đã đăng ký. Không thể chỉnh sửa (Chỉ đọc).",,,,テーブル,,"固定値 
 Giá trị cố định",,,,"編集不可 
Không chỉnh sửa",,,,,,,,,,,,,,,,
,,,,,,,,,,,,,,,,,,,,,,,,,,,,,,,,,,,,,,,,,,,,,,
,,,,,,,,,,,,,,,,,,,,,,,,,,,,,,,,,,,,,,,,,,,,,,
,,,,,,,,,,,,,,,,,25.0,"変更不可通知
Thông báo không thể đổi",,"「Địa chỉ email không thể thay đổi」という案内。
Dòng thông báo ""Địa chỉ email không thể thay đổi"".",,,,テキスト,,"固定文字列 
Chuỗi cố địn",,,,"通知表示 
Hiển thị thông báo",,,,,,,,,,,,,,,,
,,,,,,,,,,,,,,,,,,,,,,,,,,,,,,,,,,,,,,,,,,,,,,
,,,,,,,,,,,,,,,,,,,,,,,,,,,,,,,,,,,,,,,,,,,,,,
,,,,,,,,,,,,,,,,,26.0,キャンセルボタン,,"「Hủy」ボタン。変更を保存せずに戻ります。
Nút ""Hủy"". Quay lại mà không lưu thay đổi.",,,,ボタン,,"クリック操作 
Nhấn chuột",,,,"前画面へ戻ります 
Quay lại màn hình trước",,,,,,,,,,,,,,,,
,,,,,,,,,,,,,,,,,,,,,,,,,,,,,,,,,,,,,,,,,,,,,,
,,,,,,,,,,,,,,,,,,,,,,,,,,,,,,,,,,,,,,,,,,,,,,
,,,,,,,,,,,,,,,,,27.0,"保存ボタン
Nút Lưu thay đổi",,"「Lưu thay đổi」ボタン。編集した内容を保存。
Nút ""Lưu thay đổi"". Lưu các nội dung đã chỉnh sửa.",,,,ボタン,,"クリック操作 
Nhấn chuột",,,,"編集情報保存 
 Lưu thông tin chỉnh sửa",,,,,,,,,,,,,,,,
,,,,,,,,,,,,,,,,,,,,,,,,,,,,,,,,,,,,,,,,,,,,,,
,,,,,,,,,,,,,,,,,,,,,,,,,,,,,,,,,,,,,,,,,,,,,,
,,,,,,,,,,,,,,,,,28.0,"戻るボタン
Nút quay lại",,"前の画面（一覧画面）に戻るための矢印。
Mũi tên để quay lại màn hình trước (màn hình danh sách).",,,,ボタン,,"クリック操作 
 Nhấn chuột",,,,"一覧画面へ戻ります
 Quay lại danh sách",,,,,,,,,,,,,,,,
,,,,,,,,,,,,,,,,,,,,,,,,,,,,,,,,,,,,,,,,,,,,,,
,,,,,,,,,,,,,,,,,,,,,,,,,,,,,,,,,,,,,,,,,,,,,,
,,,,,,,,,,,,,,,,,29.0,"店追加タイトル
Tiêu đề thêm quán",,"「Thêm thông tin quán mới」の見出しを表示。
Hiển thị tiêu đề ""Thêm thông tin quán mới"".",,,,テキスト,,"固定文字列
 Chuỗi cố định",,,,"固定表示 
 Hiển thị cố định",,,,,,,,,,,,,,,,
,,,,,,,,,,,,,,,,,,,,,,,,,,,,,,,,,,,,,,,,,,,,,,
,,,,,,,,,,,,,,,,,,,,,,,,,,,,,,,,,,,,,,,,,,,,,,
,,,,,,,,,,,,,,,,,30.0,"店名入力
Tên quán",,"新店舗名入力 
 Nhập tên cửa hàng mới",,,,テキスト,,"入力文字列 
Chuỗi nhập",,,,"店名保存 
Lưu tên cửa hàng",,,,,,,,,,,,,,,,
,,,,,,,,,,,,,,,,,,,,,,,,,,,,,,,,,,,,,,,,,,,,,,
,,,,,,,,,,,,,,,,,,,,,,,,,,,,,,,,,,,,,,,,,,,,,,
,,,,,,,,,,,,,,,,,31.0,"店舗写真URL
URL ảnh quán",,"店舗画像リンク入力 
Nhập URL ảnh cửa hàng",,,,テキスト,,"URL文字列 
 Chuỗi URL",,,,"画像保存 
 Lưu ảnh",,,,,,,,,,,,,,,,
,,,,,,,,,,,,,,,,,,,,,,,,,,,,,,,,,,,,,,,,,,,,,,
,,,,,,,,,,,,,,,,,,,,,,,,,,,,,,,,,,,,,,,,,,,,,,
,,,,,,,,,,,,,,,,,32.0,"営業時間入力
Giờ hoạt động",,"営業時間設定 
Thiết lập giờ mở cửa",,,,テキスト,,"時間範囲 
 Khoảng thời gian",,,,"営業時間保存 
 Lưu giờ hoạt động",,,,,,,,,,,,,,,,
,,,,,,,,,,,,,,,,,,,,,,,,,,,,,,,,,,,,,,,,,,,,,,
,,,,,,,,,,,,,,,,,33.0,"店住所入力
Địa chỉ",,"詳細住所入力 
Nhập địa chỉ chi tiết",,,,テキスト,,"入力文字列 
Chuỗi nhập",,,,"住所保存 
Lưu địa chỉ",,,,,,,,,,,,,,,,
,,,,,,,,,,,,,,,,,,,,,,,,,,,,,,,,,,,,,,,,,,,,,,
,,,,,,,,,,,,,,,,,34.0,"店説明入力
Mô tả quán",,"店特徴紹介 
Giới thiệu đặc điểm quán",,,,テキスト,,"紹介文 
 Đoạn mô tả",,,,"店舗説明保存 
 Lưu mô tả cửa hàng",,,,,,,,"PR用に活用可能 
Có thể dùng cho quảng bá",,,,,,,,
,,,,,,,,,,,,,,,,,,,,,,,,,,,,,,,,,,,,,,,,,,,,,,
,,,,,,,,,,,,,,,,,35.0,"ハッシュタグ選択
Hashtag",,"店舗の特徴（Wi-Fi, コンセント等）を選択します
Chọn các đặc điểm của quán (Wi-Fi, Ổ điện...).",,,,チェックボックス,,"Wi-Fi/コンセント/禁煙席 等 / 
Wi-Fi, ổ điện, khu vực không hút thuốc.",,,,"特徴保存 
Lưu đặc điểm quán",,,,,,,,"複数選択可能 
Có thể chọn nhiều",,,,,,,,
,,,,,,,,,,,,,,,,,36.0,"店舗ステータス
Trạng thái quán",,"現在の営業状況（営業中/閉店）を選択します
Chọn tình trạng hoạt động hiện tại (Đang mở/Đã đóng).",,,,ラジオボタン,,"営業中/閉店 
 Đang mở/Đã đóng",,,,"状態更新 
Cập nhật trạng thái",,,,,,,,"顧客表示に反映 
Hiển thị cho khách hàng",,,,,,,,
,,,,,,,,,,,,,,,,,37.0,"メニュー項目入力
Menu đặc trưng",,"料理名、価格、画像URLを入力します
Nhập tên món, giá cả và URL hình ảnh món ăn.",,,,テーブル,,"名称/価格/画像URL
 Tên món, giá, URL ảnh",,,,"メニュー保存 
 Lưu món ăn",,,,,,,,複数行入力可能 Có thể nhập nhiều dòng,,,,,,,,
,,,,,,,,,,,,,,,,,38.0,"行削除ボタン
Nút xóa dòng",,"特定のメニュー行を削除する「X」ボタン。
Nút ""X"" để xóa một dòng thực đơn cụ thể.",,,,ボタン,,"クリック操作 
Nhấn chuột",,,,"メニュー削除 
 Xóa món ăn",,,,,,,,"確認ダイアログあり 
Có xác nhận trước khi xóa",,,,,,,,
,,,,,,,,,,,,,,,,,39.0,"項目追加ボタン
Thêm món mới",,"「+ Thêm món mới」ボタン。入力行を増やす。
Nút ""+ Thêm món mới"". Tăng thêm dòng nhập liệu.",,,,ボタン,,"クリック操作 
Nhấn chuột",,,,"メニュー追加 
Thêm món mới",,,,,,,,,,,,,,,,
,,,,,,,,,,,,,,,,,40.0,"店舗情報保存
Lưu thông tin",,"入力したすべての店舗情報を保存します
Lưu toàn bộ thông tin cửa hàng đã nhập.",,,,ボタン,,"保存ボタン
Nút lưu",,,,"全ての入力情報を検証しDBへ登録
Kiểm tra toàn bộ thông tin nhập và đăng ký vào DB",,,,,,,,"処理成功時に一覧画面へ遷移
Chuyển về màn hình danh sách khi thành công",,,,,,,,
,,,,,,,,,,,,,,,,,,,,,,,,,,,,,,,,,,,,,,,,,,,,,,
,画面ID,,9.0,,画面タイトル,,"管理中店舗詳細画面
Trang chi tiết quán đang quản lý",,,,,,ロールID,,3.0,,画面項目,,,,,,,,,,,,,,,,,,,,,,,,,,,,,
,画面レイアウト・デザイン,,,,,,,,,,,,,,,,No,項目名称,,項目説明,,,,分類,,選択肢・入力値,,,,処理内容,,,,,,,,備考,,,,,,,,
, ,,,,,,,,,,,,,,,,1.0,"ホーム 
Home",,"ホーム画面へのリンクを表示します
Hiển thị liên kết tới trang chủ",,,,テキスト,,"固定文言「ホーム」 
 Văn bản cố định “ホーム”",,,,"画面上部に表示 
 Hiển thị đầu trang",,,,,,,,,,,,,,,,
,,,,,,,,,,,,,,,,,2.0,"戻る
Quay lại",,"前の画面に戻るボタン
Nút quay lại trang trước",,,,ボタン,,"なし
Không",,,,"前の画面へ遷移します
Chuyển về màn hình trước",,,,,,,,"左上に表示
Hiển thị góc trái",,,,,,,,
,,,,,,,,,,,,,,,,,3.0,"店舗名
Tên quán",,"店舗の名前を表示します
Hiển thị tên quán",,,,〇〇表示領域,,"なし
Không",,,,"店舗情報を表示します
Hiển thị thông tin quán",,,,,,,,,,,,,,,,
,,,,,,,,,,,,,,,,,4.0,"評価
Đánh giá",,"星評価とレビュー数を表示します
Hiển thị số sao và số lượt đánh giá",,,,画像,,"なし
Không",,,,"評価情報を表示します
Hiển thị thông tin đánh giá",,,,,,,,,,,,,,,,
,,,,,,,,,,,,,,,,,5.0,"営業時間 
Giờ mở cửa",,"店舗の稼働時間 
Thời gian hoạt động của quán",,,,〇〇表示領域,,"なし
Không",,,,"店舗の営業時間を表示します
 Hiển thị thời gian mở cửa của cửa hàng",,,,,,,,,,,,,,,,
,,,,,,,,,,,,,,,,,6.0,"説明
Mô tả quán ",,"店舗の詳細紹介文 
Đoạn văn giới thiệu chi tiết quán",,,,〇〇表示領域,,"なし
Không",,,,"店舗の紹介文とおすすめメニューを表示
Hiển thị bài giới thiệu và menu đề xuất",,,,,,,,,,,,,,,,
,,,,,,,,,,,,,,,,,7.0,"ハッシュタグ
Hashtag",,"店舗のタグを表示します
Hiển thị hashtag của quán",,,,〇〇表示領域,,"なし
Không",,,,"関連情報を表示します
Hiển thị thông tin liên quan",,,,,,,,,,,,,,,,
,,,,,,,,,,,,,,,,,8.0,"住所
 Địa chỉ",,"店舗の所在地 
Địa chỉ của quán",,,,〇〇表示領域,,"なし
Không",,,,"表示： 店舗の住所情報を表示します
Hiển thị thông tin địa chỉ của quán.",,,,,,,,,,,,,,,,
,,,,,,,,,,,,,,,,,9.0,"店舗状況
Trạng thái quán",,"現在の混雑具合を表示
 Hiển thị mức độ đông đúc",,,,〇〇表示領域,,"なし
Không",,,,"リアルタイムの混雑状況を表示します
 Hiển thị trạng thái đông đúc theo thời gian thực",,,,,,,,,,,,,,,,
,,,,,,,,,,,,,,,,,10.0,"メニュー
Menu đặc trưng",,"おすすめ商品一覧表示
Hiển thị món đặc trưng",,,,〇〇表示領域,,"なし
Không",,,,"商品情報表示 
Hiển thị danh sách món",,,,,,,,,,,,,,,,
,,,,,,,,,,,,,,,,,11.0,"編集ボタン
Nút chỉnh sửa",,"店舗情報を編集するボタン
Nút chỉnh sửa thông tin quán",,,,ボタン,,"なし
Không",,,,"編集画面へ遷移します
Chuyển sang trạng thái chỉnh sửa",,,,,,,,"店舗オーナーのみ使用可能
Chỉ chủ quán sử dụng",,,,,,,,
,,,,,,,,,,,,,,,,,12.0,"レビュー内容
Nội dung đánh giá",,"ユーザーのコメントを表示します
Hiển thị bình luận người dùng",,,,〇〇表示領域,,"なし
Không",,,,"コメント内容を表示します
Hiển thị bình luận",,,,,,,,,,,,,,,,
,,,,,,,,,,,,,,,,,13.0,"返信ボタン
Nút phản hồi",,"コメントに返信するボタン
Nút trả lời bình luận",,,,ボタン,,"なし
Không",,,,"返信入力欄を表示します
Hiển thị ô nhập phản hồi",,,,,,,,,,,,,,,,
,,,,,,,,,,,,,,,,,14.0,"言語切替
Ngôn ngữ",,"表示言語を切り替えります
Chuyển đổi ngôn ngữ hiển thị",,,,ドロップダウン,,"日本語 / ベトナム語 / 英語
Các ngôn ngữ",,,,"言語を切り替えります
Thay đổi ngôn ngữ",,,,,,,,,,,,,,,,
,,,,,,,,,,,,,,,,,15.0,"プロフィール
Tài khoản",,"ユーザープロフィールへ遷移します
Chuyển đến trang cá nhân",,,,ボタン,,"なし
Không",,,,"マイページへ遷移します
Chuyển đến trang cá nhân",,,,,,,,"ログイン時のみ表示
Chỉ hiển thị khi đăng nhập",,,,,,,,
,,,,,,,,,,,,,,,,,16.0,"戻る
Quay lại",,"前の画面に戻るボタン
Nút quay lại màn hình trước",,,,ボタン,,"なし
Không",,,,"前の画面へ遷移します
Chuyển về màn hình trước",,,,,,,,"左上に表示
Hiển thị góc trái",,,,,,,,
,,,,,,,,,,,,,,,,,17.0,"画面タイトル
Tiêu đề màn hình",,"画面のタイトルを表示します
Hiển thị tiêu đề màn hình",,,,〇〇表示領域,,"なし
Không",,,,"タイトルを表示します
Hiển thị tiêu đề",,,,,,,,,,,,,,,,
,,,,,,,,,,,,,,,,,18.0,"店舗情報入力欄
Thông tin quán",,"店舗情報を入力・編集するエリア
Khu vực nhập và chỉnh sửa thông tin quán",,,,テキスト,,"店舗名、URL、営業時間、住所、説明
Tên quán, URL, giờ hoạt động, địa chỉ, mô tả",,,,"入力内容を保存用データとして取得します
Lấy dữ liệu nhập để lưu",,,,,,,,,,,,,,,,
,,,,,,,,,,,,,,,,,19.0,"ハッシュタグ選択
Chọn hashtag",,"店舗のタグを選択します
Chọn hashtag cho quán",,,,チェックボックス,,"Wi-Fi など
Các hashtag",,,,"選択したタグを保存します
Lưu các tag đã chọn",,,,,,,,"複数選択可能
Có thể chọn nhiều",,,,,,,,
,,,,,,,,,,,,,,,,,20.0,"営業状態選択
Trạng thái quán",,"店舗の営業状態を選択します
Chọn trạng thái hoạt động",,,,ラジオボタン,,"営業中 / 閉店
Đang mở / Đóng cửa",,,,"状態を設定します
Cập nhật trạng thái",,,,,,,,,,,,,,,,
,,,,,,,,,,,,,,,,,21.0,"メニュー追加
Thêm món",,"メニュー項目を追加するボタン
Nút thêm món mới",,,,ボタン,,"なし
Không",,,,"新しいメニュー入力欄を表示します
Hiển thị dòng nhập menu mới",,,,,,,,,,,,,,,,
,,,,,,,,,,,,,,,,,22.0,"保存ボタン
Lưu thông tin",,"入力内容を保存するボタン
Nút lưu dữ liệu",,,,ボタン,,"なし
Không",,,,"入力内容を保存します
Lưu thông tin vào hệ thống",,,,,,,,"必須入力チェックあります
Có kiểm tra dữ liệu",,,,,,,,
,,,,,,,,,,,,,,,,,23.0,"キャンセルボタン
Hủy",,"入力をキャンセルするボタン
Nút hủy thao tác nhập",,,,ボタン,,"なし
Không",,,,"入力内容を破棄して画面を閉じます
Hủy nội dung và đóng cửa sổ",,,,,,,,,,,,,,,,
,,,,,,,,,,,,,,,,,24.0,"コメント情報
Thông tin bình luận",,"ユーザーのコメント内容を表示します
Hiển thị nội dung bình luận người dùng",,,,テキスト,,"なし
Không",,,,"コメント情報を表示します
Hiển thị thông tin bình luận",,,,,,,,,,,,,,,,
,,,,,,,,,,,,,,,,,25.0,"送信ボタン
Gửi phản hồi",,"返信内容を送信するボタン
Nút gửi phản hồi",,,,ボタン,,"なし
Không",,,,"入力内容を送信して保存します
Gửi và lưu phản hồi",,,,,,,,,,,,,,,,
,,,,,,,,,,,,,,,,,,,,,,,,,,,,,,,,,,,,,,,,,,,,,,
,,,,,,,,,,,,,,,,,,,,,,,,,,,,,,,,,,,,,,,,,,,,,,
,,,,,,,,,,,,,,,,,,,,,,,,,,,,,,,,,,,,,,,,,,,,,,
,,,,,,,,,,,,,,,,,,,,,,,,,,,,,,,,,,,,,,,,,,,,,,
,,,,,,,,,,,,,,,,,,,,,,,,,,,,,,,,,,,,,,,,,,,,,,
,,,,,,,,,,,,,,,,,,,,,,,,,,,,,,,,,,,,,,,,,,,,,,
,,,,,,,,,,,,,,,,,,,,,,,,,,,,,,,,,,,,,,,,,,,,,,
,,,,,,,,,,,,,,,,,,,,,,,,,,,,,,,,,,,,,,,,,,,,,,
,,,,,,,,,,,,,,,,,,,,,,,,,,,,,,,,,,,,,,,,,,,,,,
,,,,,,,,,,,,,,,,,,,,,,,,,,,,,,,,,,,,,,,,,,,,,,
,,,,,,,,,,,,,,,,,,,,,,,,,,,,,,,,,,,,,,,,,,,,,,
,,,,,,,,,,,,,,,,,,,,,,,,,,,,,,,,,,,,,,,,,,,,,,
,,,,,,,,,,,,,,,,,,,,,,,,,,,,,,,,,,,,,,,,,,,,,,
,,,,,,,,,,,,,,,,,,,,,,,,,,,,,,,,,,,,,,,,,,,,,,
,,,,,,,,,,,,,,,,,,,,,,,,,,,,,,,,,,,,,,,,,,,,,,
,,,,,,,,,,,,,,,,,,,,,,,,,,,,,,,,,,,,,,,,,,,,,,
,,,,,,,,,,,,,,,,,,,,,,,,,,,,,,,,,,,,,,,,,,,,,,
,,,,,,,,,,,,,,,,,,,,,,,,,,,,,,,,,,,,,,,,,,,,,,
,,,,,,,,,,,,,,,,,,,,,,,,,,,,,,,,,,,,,,,,,,,,,,
,,,,,,,,,,,,,,,,,,,,,,,,,,,,,,,,,,,,,,,,,,,,,,
,,,,,,,,,,,,,,,,,,,,,,,,,,,,,,,,,,,,,,,,,,,,,,
,,,,,,,,,,,,,,,,,,,,,,,,,,,,,,,,,,,,,,,,,,,,,,
,,,,,,,,,,,,,,,,,,,,,,,,,,,,,,,,,,,,,,,,,,,,,,
,,,,,,,,,,,,,,,,,,,,,,,,,,,,,,,,,,,,,,,,,,,,,,
,,,,,,,,,,,,,,,,,,,,,,,,,,,,,,,,,,,,,,,,,,,,,,
,,,,,,,,,,,,,,,,,,,,,,,,,,,,,,,,,,,,,,,,,,,,,,
,,,,,,,,,,,,,,,,,,,,,,,,,,,,,,,,,,,,,,,,,,,,,,
,,,,,,,,,,,,,,,,,,,,,,,,,,,,,,,,,,,,,,,,,,,,,,
,,,,,,,,,,,,,,,,,,,,,,,,,,,,,,,,,,,,,,,,,,,,,,
,,,,,,,,,,,,,,,,,,,,,,,,,,,,,,,,,,,,,,,,,,,,,,
,,,,,,,,,,,,,,,,,,,,,,,,,,,,,,,,,,,,,,,,,,,,,,
,,,,,,,,,,,,,,,,,,,,,,,,,,,,,,,,,,,,,,,,,,,,,,
,,,,,,,,,,,,,,,,,,,,,,,,,,,,,,,,,,,,,,,,,,,,,,
,,,,,,,,,,,,,,,,,,,,,,,,,,,,,,,,,,,,,,,,,,,,,,
,,,,,,,,,,,,,,,,,,,,,,,,,,,,,,,,,,,,,,,,,,,,,,
,,,,,,,,,,,,,,,,,,,,,,,,,,,,,,,,,,,,,,,,,,,,,,
,,,,,,,,,,,,,,,,,,,,,,,,,,,,,,,,,,,,,,,,,,,,,,
,,,,,,,,,,,,,,,,,,,,,,,,,,,,,,,,,,,,,,,,,,,,,,
,,,,,,,,,,,,,,,,,,,,,,,,,,,,,,,,,,,,,,,,,,,,,,
,,,,,,,,,,,,,,,,,,,,,,,,,,,,,,,,,,,,,,,,,,,,,,
,,,,,,,,,,,,,,,,,,,,,,,,,,,,,,,,,,,,,,,,,,,,,,
,,,,,,,,,,,,,,,,,,,,,,,,,,,,,,,,,,,,,,,,,,,,,,
,,,,,,,,,,,,,,,,,,,,,,,,,,,,,,,,,,,,,,,,,,,,,,
,,,,,,,,,,,,,,,,,,,,,,,,,,,,,,,,,,,,,,,,,,,,,,
,,,,,,,,,,,,,,,,,,,,,,,,,,,,,,,,,,,,,,,,,,,,,,
,,,,,,,,,,,,,,,,,,,,,,,,,,,,,,,,,,,,,,,,,,,,,,
,,,,,,,,,,,,,,,,,,,,,,,,,,,,,,,,,,,,,,,,,,,,,,
,,,,,,,,,,,,,,,,,,,,,,,,,,,,,,,,,,,,,,,,,,,,,,
,,,,,,,,,,,,,,,,,,,,,,,,,,,,,,,,,,,,,,,,,,,,,,
,,,,,,,,,,,,,,,,,,,,,,,,,,,,,,,,,,,,,,,,,,,,,,
,,,,,,,,,,,,,,,,,,,,,,,,,,,,,,,,,,,,,,,,,,,,,,
,,,,,,,,,,,,,,,,,,,,,,,,,,,,,,,,,,,,,,,,,,,,,,
,,,,,,,,,,,,,,,,,,,,,,,,,,,,,,,,,,,,,,,,,,,,,,
,,,,,,,,,,,,,,,,,,,,,,,,,,,,,,,,,,,,,,,,,,,,,,
,,,,,,,,,,,,,,,,,,,,,,,,,,,,,,,,,,,,,,,,,,,,,,
,,,,,,,,,,,,,,,,,,,,,,,,,,,,,,,,,,,,,,,,,,,,,,
,,,,,,,,,,,,,,,,,,,,,,,,,,,,,,,,,,,,,,,,,,,,,,
,,,,,,,,,,,,,,,,,,,,,,,,,,,,,,,,,,,,,,,,,,,,,,
,,,,,,,,,,,,,,,,,,,,,,,,,,,,,,,,,,,,,,,,,,,,,,
,,,,,,,,,,,,,,,,,,,,,,,,,,,,,,,,,,,,,,,,,,,,,,
,,,,,,,,,,,,,,,,,,,,,,,,,,,,,,,,,,,,,,,,,,,,,,
,,,,,,,,,,,,,,,,,,,,,,,,,,,,,,,,,,,,,,,,,,,,,,
,,,,,,,,,,,,,,,,,,,,,,,,,,,,,,,,,,,,,,,,,,,,,,
,,,,,,,,,,,,,,,,,,,,,,,,,,,,,,,,,,,,,,,,,,,,,,
,,,,,,,,,,,,,,,,,,,,,,,,,,,,,,,,,,,,,,,,,,,,,,
,,,,,,,,,,,,,,,,,,,,,,,,,,,,,,,,,,,,,,,,,,,,,,
,,,,,,,,,,,,,,,,,,,,,,,,,,,,,,,,,,,,,,,,,,,,,,
,,,,,,,,,,,,,,,,,,,,,,,,,,,,,,,,,,,,,,,,,,,,,,
,,,,,,,,,,,,,,,,,,,,,,,,,,,,,,,,,,,,,,,,,,,,,,
,,,,,,,,,,,,,,,,,,,,,,,,,,,,,,,,,,,,,,,,,,,,,,
,,,,,,,,,,,,,,,,,,,,,,,,,,,,,,,,,,,,,,,,,,,,,,
,,,,,,,,,,,,,,,,,,,,,,,,,,,,,,,,,,,,,,,,,,,,,,
,,,,,,,,,,,,,,,,,,,,,,,,,,,,,,,,,,,,,,,,,,,,,,
,,,,,,,,,,,,,,,,,,,,,,,,,,,,,,,,,,,,,,,,,,,,,,
,,,,,,,,,,,,,,,,,,,,,,,,,,,,,,,,,,,,,,,,,,,,,,
,,,,,,,,,,,,,,,,,,,,,,,,,,,,,,,,,,,,,,,,,,,,,,
,,,,,,,,,,,,,,,,,,,,,,,,,,,,,,,,,,,,,,,,,,,,,,
,,,,,,,,,,,,,,,,,,,,,,,,,,,,,,,,,,,,,,,,,,,,,,
,,,,,,,,,,,,,,,,,,,,,,,,,,,,,,,,,,,,,,,,,,,,,,
,,,,,,,,,,,,,,,,,,,,,,,,,,,,,,,,,,,,,,,,,,,,,,
,,,,,,,,,,,,,,,,,,,,,,,,,,,,,,,,,,,,,,,,,,,,,,
,,,,,,,,,,,,,,,,,,,,,,,,,,,,,,,,,,,,,,,,,,,,,,
,,,,,,,,,,,,,,,,,,,,,,,,,,,,,,,,,,,,,,,,,,,,,,
,,,,,,,,,,,,,,,,,,,,,,,,,,,,,,,,,,,,,,,,,,,,,,
,,,,,,,,,,,,,,,,,,,,,,,,,,,,,,,,,,,,,,,,,,,,,,
,,,,,,,,,,,,,,,,,,,,,,,,,,,,,,,,,,,,,,,,,,,,,,
,,,,,,,,,,,,,,,,,,,,,,,,,,,,,,,,,,,,,,,,,,,,,,
,,,,,,,,,,,,,,,,,,,,,,,,,,,,,,,,,,,,,,,,,,,,,,
,,,,,,,,,,,,,,,,,,,,,,,,,,,,,,,,,,,,,,,,,,,,,,
,,,,,,,,,,,,,,,,,,,,,,,,,,,,,,,,,,,,,,,,,,,,,,
,,,,,,,,,,,,,,,,,,,,,,,,,,,,,,,,,,,,,,,,,,,,,,
,,,,,,,,,,,,,,,,,,,,,,,,,,,,,,,,,,,,,,,,,,,,,,
,,,,,,,,,,,,,,,,,,,,,,,,,,,,,,,,,,,,,,,,,,,,,,
,,,,,,,,,,,,,,,,,,,,,,,,,,,,,,,,,,,,,,,,,,,,,,
,,,,,,,,,,,,,,,,,,,,,,,,,,,,,,,,,,,,,,,,,,,,,,
,,,,,,,,,,,,,,,,,,,,,,,,,,,,,,,,,,,,,,,,,,,,,,
,,,,,,,,,,,,,,,,,,,,,,,,,,,,,,,,,,,,,,,,,,,,,,
,,,,,,,,,,,,,,,,,,,,,,,,,,,,,,,,,,,,,,,,,,,,,,
,,,,,,,,,,,,,,,,,,,,,,,,,,,,,,,,,,,,,,,,,,,,,,
,,,,,,,,,,,,,,,,,,,,,,,,,,,,,,,,,,,,,,,,,,,,,,
,,,,,,,,,,,,,,,,,,,,,,,,,,,,,,,,,,,,,,,,,,,,,,
,,,,,,,,,,,,,,,,,,,,,,,,,,,,,,,,,,,,,,,,,,,,,,
,,,,,,,,,,,,,,,,,,,,,,,,,,,,,,,,,,,,,,,,,,,,,,
,,,,,,,,,,,,,,,,,,,,,,,,,,,,,,,,,,,,,,,,,,,,,,
,,,,,,,,,,,,,,,,,,,,,,,,,,,,,,,,,,,,,,,,,,,,,,
,,,,,,,,,,,,,,,,,,,,,,,,,,,,,,,,,,,,,,,,,,,,,,
,,,,,,,,,,,,,,,,,,,,,,,,,,,,,,,,,,,,,,,,,,,,,,
,,,,,,,,,,,,,,,,,,,,,,,,,,,,,,,,,,,,,,,,,,,,,,
,,,,,,,,,,,,,,,,,,,,,,,,,,,,,,,,,,,,,,,,,,,,,,
,,,,,,,,,,,,,,,,,,,,,,,,,,,,,,,,,,,,,,,,,,,,,,
,,,,,,,,,,,,,,,,,,,,,,,,,,,,,,,,,,,,,,,,,,,,,,
,,,,,,,,,,,,,,,,,,,,,,,,,,,,,,,,,,,,,,,,,,,,,,
,,,,,,,,,,,,,,,,,,,,,,,,,,,,,,,,,,,,,,,,,,,,,,
,,,,,,,,,,,,,,,,,,,,,,,,,,,,,,,,,,,,,,,,,,,,,,
,,,,,,,,,,,,,,,,,,,,,,,,,,,,,,,,,,,,,,,,,,,,,,
,,,,,,,,,,,,,,,,,,,,,,,,,,,,,,,,,,,,,,,,,,,,,,
,,,,,,,,,,,,,,,,,,,,,,,,,,,,,,,,,,,,,,,,,,,,,,
,,,,,,,,,,,,,,,,,,,,,,,,,,,,,,,,,,,,,,,,,,,,,,
,,,,,,,,,,,,,,,,,,,,,,,,,,,,,,,,,,,,,,,,,,,,,,
,,,,,,,,,,,,,,,,,,,,,,,,,,,,,,,,,,,,,,,,,,,,,,
,,,,,,,,,,,,,,,,,,,,,,,,,,,,,,,,,,,,,,,,,,,,,,
,,,,,,,,,,,,,,,,,,,,,,,,,,,,,,,,,,,,,,,,,,,,,,
,,,,,,,,,,,,,,,,,,,,,,,,,,,,,,,,,,,,,,,,,,,,,,
,,,,,,,,,,,,,,,,,,,,,,,,,,,,,,,,,,,,,,,,,,,,,,
,,,,,,,,,,,,,,,,,,,,,,,,,,,,,,,,,,,,,,,,,,,,,,
,,,,,,,,,,,,,,,,,,,,,,,,,,,,,,,,,,,,,,,,,,,,,,
,,,,,,,,,,,,,,,,,,,,,,,,,,,,,,,,,,,,,,,,,,,,,,
,,,,,,,,,,,,,,,,,,,,,,,,,,,,,,,,,,,,,,,,,,,,,,
,,,,,,,,,,,,,,,,,,,,,,,,,,,,,,,,,,,,,,,,,,,,,,
,,,,,,,,,,,,,,,,,,,,,,,,,,,,,,,,,,,,,,,,,,,,,,
,,,,,,,,,,,,,,,,,,,,,,,,,,,,,,,,,,,,,,,,,,,,,,
,,,,,,,,,,,,,,,,,,,,,,,,,,,,,,,,,,,,,,,,,,,,,,
,,,,,,,,,,,,,,,,,,,,,,,,,,,,,,,,,,,,,,,,,,,,,,
,,,,,,,,,,,,,,,,,,,,,,,,,,,,,,,,,,,,,,,,,,,,,,
,,,,,,,,,,,,,,,,,,,,,,,,,,,,,,,,,,,,,,,,,,,,,,
,,,,,,,,,,,,,,,,,,,,,,,,,,,,,,,,,,,,,,,,,,,,,,
,,,,,,,,,,,,,,,,,,,,,,,,,,,,,,,,,,,,,,,,,,,,,,
,,,,,,,,,,,,,,,,,,,,,,,,,,,,,,,,,,,,,,,,,,,,,,
,,,,,,,,,,,,,,,,,,,,,,,,,,,,,,,,,,,,,,,,,,,,,,
,,,,,,,,,,,,,,,,,,,,,,,,,,,,,,,,,,,,,,,,,,,,,,
,,,,,,,,,,,,,,,,,,,,,,,,,,,,,,,,,,,,,,,,,,,,,,
,,,,,,,,,,,,,,,,,,,,,,,,,,,,,,,,,,,,,,,,,,,,,,
,,,,,,,,,,,,,,,,,,,,,,,,,,,,,,,,,,,,,,,,,,,,,,
,,,,,,,,,,,,,,,,,,,,,,,,,,,,,,,,,,,,,,,,,,,,,,
,,,,,,,,,,,,,,,,,,,,,,,,,,,,,,,,,,,,,,,,,,,,,,
,,,,,,,,,,,,,,,,,,,,,,,,,,,,,,,,,,,,,,,,,,,,,,
,,,,,,,,,,,,,,,,,,,,,,,,,,,,,,,,,,,,,,,,,,,,,,
,,,,,,,,,,,,,,,,,,,,,,,,,,,,,,,,,,,,,,,,,,,,,,
,,,,,,,,,,,,,,,,,,,,,,,,,,,,,,,,,,,,,,,,,,,,,,
,,,,,,,,,,,,,,,,,,,,,,,,,,,,,,,,,,,,,,,,,,,,,,
,,,,,,,,,,,,,,,,,,,,,,,,,,,,,,,,,,,,,,,,,,,,,,
,,,,,,,,,,,,,,,,,,,,,,,,,,,,,,,,,,,,,,,,,,,,,,
,,,,,,,,,,,,,,,,,,,,,,,,,,,,,,,,,,,,,,,,,,,,,,
,,,,,,,,,,,,,,,,,,,,,,,,,,,,,,,,,,,,,,,,,,,,,,
,,,,,,,,,,,,,,,,,,,,,,,,,,,,,,,,,,,,,,,,,,,,,,
,,,,,,,,,,,,,,,,,,,,,,,,,,,,,,,,,,,,,,,,,,,,,,
,,,,,,,,,,,,,,,,,,,,,,,,,,,,,,,,,,,,,,,,,,,,,,
,,,,,,,,,,,,,,,,,,,,,,,,,,,,,,,,,,,,,,,,,,,,,,
,,,,,,,,,,,,,,,,,,,,,,,,,,,,,,,,,,,,,,,,,,,,,,
,,,,,,,,,,,,,,,,,,,,,,,,,,,,,,,,,,,,,,,,,,,,,,
,,,,,,,,,,,,,,,,,,,,,,,,,,,,,,,,,,,,,,,,,,,,,,
,,,,,,,,,,,,,,,,,,,,,,,,,,,,,,,,,,,,,,,,,,,,,,
,,,,,,,,,,,,,,,,,,,,,,,,,,,,,,,,,,,,,,,,,,,,,,
,,,,,,,,,,,,,,,,,,,,,,,,,,,,,,,,,,,,,,,,,,,,,,
,,,,,,,,,,,,,,,,,,,,,,,,,,,,,,,,,,,,,,,,,,,,,,
,,,,,,,,,,,,,,,,,,,,,,,,,,,,,,,,,,,,,,,,,,,,,,
,,,,,,,,,,,,,,,,,,,,,,,,,,,,,,,,,,,,,,,,,,,,,,
,,,,,,,,,,,,,,,,,,,,,,,,,,,,,,,,,,,,,,,,,,,,,,
,,,,,,,,,,,,,,,,,,,,,,,,,,,,,,,,,,,,,,,,,,,,,,
,,,,,,,,,,,,,,,,,,,,,,,,,,,,,,,,,,,,,,,,,,,,,,
,,,,,,,,,,,,,,,,,,,,,,,,,,,,,,,,,,,,,,,,,,,,,,
,,,,,,,,,,,,,,,,,,,,,,,,,,,,,,,,,,,,,,,,,,,,,,
,,,,,,,,,,,,,,,,,,,,,,,,,,,,,,,,,,,,,,,,,,,,,,
,,,,,,,,,,,,,,,,,,,,,,,,,,,,,,,,,,,,,,,,,,,,,,
,,,,,,,,,,,,,,,,,,,,,,,,,,,,,,,,,,,,,,,,,,,,,,
,,,,,,,,,,,,,,,,,,,,,,,,,,,,,,,,,,,,,,,,,,,,,,
,,,,,,,,,,,,,,,,,,,,,,,,,,,,,,,,,,,,,,,,,,,,,,
,,,,,,,,,,,,,,,,,,,,,,,,,,,,,,,,,,,,,,,,,,,,,,
,,,,,,,,,,,,,,,,,,,,,,,,,,,,,,,,,,,,,,,,,,,,,,
,,,,,,,,,,,,,,,,,,,,,,,,,,,,,,,,,,,,,,,,,,,,,,
,,,,,,,,,,,,,,,,,,,,,,,,,,,,,,,,,,,,,,,,,,,,,,
,,,,,,,,,,,,,,,,,,,,,,,,,,,,,,,,,,,,,,,,,,,,,,
,,,,,,,,,,,,,,,,,,,,,,,,,,,,,,,,,,,,,,,,,,,,,,
,,,,,,,,,,,,,,,,,,,,,,,,,,,,,,,,,,,,,,,,,,,,,,
,,,,,,,,,,,,,,,,,,,,,,,,,,,,,,,,,,,,,,,,,,,,,,
,,,,,,,,,,,,,,,,,,,,,,,,,,,,,,,,,,,,,,,,,,,,,,
,,,,,,,,,,,,,,,,,,,,,,,,,,,,,,,,,,,,,,,,,,,,,,
,,,,,,,,,,,,,,,,,,,,,,,,,,,,,,,,,,,,,,,,,,,,,,
,,,,,,,,,,,,,,,,,,,,,,,,,,,,,,,,,,,,,,,,,,,,,,
,,,,,,,,,,,,,,,,,,,,,,,,,,,,,,,,,,,,,,,,,,,,,,
,,,,,,,,,,,,,,,,,,,,,,,,,,,,,,,,,,,,,,,,,,,,,,
,,,,,,,,,,,,,,,,,,,,,,,,,,,,,,,,,,,,,,,,,,,,,,
,,,,,,,,,,,,,,,,,,,,,,,,,,,,,,,,,,,,,,,,,,,,,,
,,,,,,,,,,,,,,,,,,,,,,,,,,,,,,,,,,,,,,,,,,,,,,
,,,,,,,,,,,,,,,,,,,,,,,,,,,,,,,,,,,,,,,,,,,,,,
,,,,,,,,,,,,,,,,,,,,,,,,,,,,,,,,,,,,,,,,,,,,,,
,,,,,,,,,,,,,,,,,,,,,,,,,,,,,,,,,,,,,,,,,,,,,,
,,,,,,,,,,,,,,,,,,,,,,,,,,,,,,,,,,,,,,,,,,,,,,
,,,,,,,,,,,,,,,,,,,,,,,,,,,,,,,,,,,,,,,,,,,,,,
,,,,,,,,,,,,,,,,,,,,,,,,,,,,,,,,,,,,,,,,,,,,,,
,,,,,,,,,,,,,,,,,,,,,,,,,,,,,,,,,,,,,,,,,,,,,,
,,,,,,,,,,,,,,,,,,,,,,,,,,,,,,,,,,,,,,,,,,,,,,
,,,,,,,,,,,,,,,,,,,,,,,,,,,,,,,,,,,,,,,,,,,,,,
,,,,,,,,,,,,,,,,,,,,,,,,,,,,,,,,,,,,,,,,,,,,,,
,,,,,,,,,,,,,,,,,,,,,,,,,,,,,,,,,,,,,,,,,,,,,,
,,,,,,,,,,,,,,,,,,,,,,,,,,,,,,,,,,,,,,,,,,,,,,
,,,,,,,,,,,,,,,,,,,,,,,,,,,,,,,,,,,,,,,,,,,,,,
,,,,,,,,,,,,,,,,,,,,,,,,,,,,,,,,,,,,,,,,,,,,,,
,,,,,,,,,,,,,,,,,,,,,,,,,,,,,,,,,,,,,,,,,,,,,,
,,,,,,,,,,,,,,,,,,,,,,,,,,,,,,,,,,,,,,,,,,,,,,
,,,,,,,,,,,,,,,,,,,,,,,,,,,,,,,,,,,,,,,,,,,,,,
,,,,,,,,,,,,,,,,,,,,,,,,,,,,,,,,,,,,,,,,,,,,,,
,,,,,,,,,,,,,,,,,,,,,,,,,,,,,,,,,,,,,,,,,,,,,,
,,,,,,,,,,,,,,,,,,,,,,,,,,,,,,,,,,,,,,,,,,,,,,
,,,,,,,,,,,,,,,,,,,,,,,,,,,,,,,,,,,,,,,,,,,,,,
,,,,,,,,,,,,,,,,,,,,,,,,,,,,,,,,,,,,,,,,,,,,,,
,,,,,,,,,,,,,,,,,,,,,,,,,,,,,,,,,,,,,,,,,,,,,,
,,,,,,,,,,,,,,,,,,,,,,,,,,,,,,,,,,,,,,,,,,,,,,
,,,,,,,,,,,,,,,,,,,,,,,,,,,,,,,,,,,,,,,,,,,,,,
,,,,,,,,,,,,,,,,,,,,,,,,,,,,,,,,,,,,,,,,,,,,,,
,,,,,,,,,,,,,,,,,,,,,,,,,,,,,,,,,,,,,,,,,,,,,,
,,,,,,,,,,,,,,,,,,,,,,,,,,,,,,,,,,,,,,,,,,,,,,
,,,,,,,,,,,,,,,,,,,,,,,,,,,,,,,,,,,,,,,,,,,,,,
,,,,,,,,,,,,,,,,,,,,,,,,,,,,,,,,,,,,,,,,,,,,,,
,,,,,,,,,,,,,,,,,,,,,,,,,,,,,,,,,,,,,,,,,,,,,,
,,,,,,,,,,,,,,,,,,,,,,,,,,,,,,,,,,,,,,,,,,,,,,
,,,,,,,,,,,,,,,,,,,,,,,,,,,,,,,,,,,,,,,,,,,,,,
,,,,,,,,,,,,,,,,,,,,,,,,,,,,,,,,,,,,,,,,,,,,,,
,,,,,,,,,,,,,,,,,,,,,,,,,,,,,,,,,,,,,,,,,,,,,,
,,,,,,,,,,,,,,,,,,,,,,,,,,,,,,,,,,,,,,,,,,,,,,
,,,,,,,,,,,,,,,,,,,,,,,,,,,,,,,,,,,,,,,,,,,,,,
,,,,,,,,,,,,,,,,,,,,,,,,,,,,,,,,,,,,,,,,,,,,,,
,,,,,,,,,,,,,,,,,,,,,,,,,,,,,,,,,,,,,,,,,,,,,,
,,,,,,,,,,,,,,,,,,,,,,,,,,,,,,,,,,,,,,,,,,,,,,
,,,,,,,,,,,,,,,,,,,,,,,,,,,,,,,,,,,,,,,,,,,,,,
,,,,,,,,,,,,,,,,,,,,,,,,,,,,,,,,,,,,,,,,,,,,,,
,,,,,,,,,,,,,,,,,,,,,,,,,,,,,,,,,,,,,,,,,,,,,,
,,,,,,,,,,,,,,,,,,,,,,,,,,,,,,,,,,,,,,,,,,,,,,
,,,,,,,,,,,,,,,,,,,,,,,,,,,,,,,,,,,,,,,,,,,,,,
,,,,,,,,,,,,,,,,,,,,,,,,,,,,,,,,,,,,,,,,,,,,,,
,,,,,,,,,,,,,,,,,,,,,,,,,,,,,,,,,,,,,,,,,,,,,,
,,,,,,,,,,,,,,,,,,,,,,,,,,,,,,,,,,,,,,,,,,,,,,
,,,,,,,,,,,,,,,,,,,,,,,,,,,,,,,,,,,,,,,,,,,,,,
,,,,,,,,,,,,,,,,,,,,,,,,,,,,,,,,,,,,,,,,,,,,,,
,,,,,,,,,,,,,,,,,,,,,,,,,,,,,,,,,,,,,,,,,,,,,,
,,,,,,,,,,,,,,,,,,,,,,,,,,,,,,,,,,,,,,,,,,,,,,
,,,,,,,,,,,,,,,,,,,,,,,,,,,,,,,,,,,,,,,,,,,,,,
,,,,,,,,,,,,,,,,,,,,,,,,,,,,,,,,,,,,,,,,,,,,,,
,,,,,,,,,,,,,,,,,,,,,,,,,,,,,,,,,,,,,,,,,,,,,,
,,,,,,,,,,,,,,,,,,,,,,,,,,,,,,,,,,,,,,,,,,,,,,
,,,,,,,,,,,,,,,,,,,,,,,,,,,,,,,,,,,,,,,,,,,,,,
,,,,,,,,,,,,,,,,,,,,,,,,,,,,,,,,,,,,,,,,,,,,,,
,,,,,,,,,,,,,,,,,,,,,,,,,,,,,,,,,,,,,,,,,,,,,,
,,,,,,,,,,,,,,,,,,,,,,,,,,,,,,,,,,,,,,,,,,,,,,
,,,,,,,,,,,,,,,,,,,,,,,,,,,,,,,,,,,,,,,,,,,,,,
,,,,,,,,,,,,,,,,,,,,,,,,,,,,,,,,,,,,,,,,,,,,,,
,,,,,,,,,,,,,,,,,,,,,,,,,,,,,,,,,,,,,,,,,,,,,,
,,,,,,,,,,,,,,,,,,,,,,,,,,,,,,,,,,,,,,,,,,,,,,
,,,,,,,,,,,,,,,,,,,,,,,,,,,,,,,,,,,,,,,,,,,,,,
,,,,,,,,,,,,,,,,,,,,,,,,,,,,,,,,,,,,,,,,,,,,,,
,,,,,,,,,,,,,,,,,,,,,,,,,,,,,,,,,,,,,,,,,,,,,,
,,,,,,,,,,,,,,,,,,,,,,,,,,,,,,,,,,,,,,,,,,,,,,
,,,,,,,,,,,,,,,,,,,,,,,,,,,,,,,,,,,,,,,,,,,,,,
,,,,,,,,,,,,,,,,,,,,,,,,,,,,,,,,,,,,,,,,,,,,,,
,,,,,,,,,,,,,,,,,,,,,,,,,,,,,,,,,,,,,,,,,,,,,,
,,,,,,,,,,,,,,,,,,,,,,,,,,,,,,,,,,,,,,,,,,,,,,
,,,,,,,,,,,,,,,,,,,,,,,,,,,,,,,,,,,,,,,,,,,,,,
,,,,,,,,,,,,,,,,,,,,,,,,,,,,,,,,,,,,,,,,,,,,,,
,,,,,,,,,,,,,,,,,,,,,,,,,,,,,,,,,,,,,,,,,,,,,,
,,,,,,,,,,,,,,,,,,,,,,,,,,,,,,,,,,,,,,,,,,,,,,
,,,,,,,,,,,,,,,,,,,,,,,,,,,,,,,,,,,,,,,,,,,,,,
,,,,,,,,,,,,,,,,,,,,,,,,,,,,,,,,,,,,,,,,,,,,,,
,,,,,,,,,,,,,,,,,,,,,,,,,,,,,,,,,,,,,,,,,,,,,,
,,,,,,,,,,,,,,,,,,,,,,,,,,,,,,,,,,,,,,,,,,,,,,
,,,,,,,,,,,,,,,,,,,,,,,,,,,,,,,,,,,,,,,,,,,,,,
,,,,,,,,,,,,,,,,,,,,,,,,,,,,,,,,,,,,,,,,,,,,,,
,,,,,,,,,,,,,,,,,,,,,,,,,,,,,,,,,,,,,,,,,,,,,,
,,,,,,,,,,,,,,,,,,,,,,,,,,,,,,,,,,,,,,,,,,,,,,
,,,,,,,,,,,,,,,,,,,,,,,,,,,,,,,,,,,,,,,,,,,,,,
,,,,,,,,,,,,,,,,,,,,,,,,,,,,,,,,,,,,,,,,,,,,,,
,,,,,,,,,,,,,,,,,,,,,,,,,,,,,,,,,,,,,,,,,,,,,,
,,,,,,,,,,,,,,,,,,,,,,,,,,,,,,,,,,,,,,,,,,,,,,
,,,,,,,,,,,,,,,,,,,,,,,,,,,,,,,,,,,,,,,,,,,,,,
,,,,,,,,,,,,,,,,,,,,,,,,,,,,,,,,,,,,,,,,,,,,,,
,,,,,,,,,,,,,,,,,,,,,,,,,,,,,,,,,,,,,,,,,,,,,,
,,,,,,,,,,,,,,,,,,,,,,,,,,,,,,,,,,,,,,,,,,,,,,
,,,,,,,,,,,,,,,,,,,,,,,,,,,,,,,,,,,,,,,,,,,,,,
,,,,,,,,,,,,,,,,,,,,,,,,,,,,,,,,,,,,,,,,,,,,,,
,,,,,,,,,,,,,,,,,,,,,,,,,,,,,,,,,,,,,,,,,,,,,,
,,,,,,,,,,,,,,,,,,,,,,,,,,,,,,,,,,,,,,,,,,,,,,
,,,,,,,,,,,,,,,,,,,,,,,,,,,,,,,,,,,,,,,,,,,,,,
,,,,,,,,,,,,,,,,,,,,,,,,,,,,,,,,,,,,,,,,,,,,,,
,,,,,,,,,,,,,,,,,,,,,,,,,,,,,,,,,,,,,,,,,,,,,,
,,,,,,,,,,,,,,,,,,,,,,,,,,,,,,,,,,,,,,,,,,,,,,
,,,,,,,,,,,,,,,,,,,,,,,,,,,,,,,,,,,,,,,,,,,,,,
,,,,,,,,,,,,,,,,,,,,,,,,,,,,,,,,,,,,,,,,,,,,,,
,,,,,,,,,,,,,,,,,,,,,,,,,,,,,,,,,,,,,,,,,,,,,,
,,,,,,,,,,,,,,,,,,,,,,,,,,,,,,,,,,,,,,,,,,,,,,
,,,,,,,,,,,,,,,,,,,,,,,,,,,,,,,,,,,,,,,,,,,,,,
,,,,,,,,,,,,,,,,,,,,,,,,,,,,,,,,,,,,,,,,,,,,,,
,,,,,,,,,,,,,,,,,,,,,,,,,,,,,,,,,,,,,,,,,,,,,,
,,,,,,,,,,,,,,,,,,,,,,,,,,,,,,,,,,,,,,,,,,,,,,
,,,,,,,,,,,,,,,,,,,,,,,,,,,,,,,,,,,,,,,,,,,,,,
,,,,,,,,,,,,,,,,,,,,,,,,,,,,,,,,,,,,,,,,,,,,,,
,,,,,,,,,,,,,,,,,,,,,,,,,,,,,,,,,,,,,,,,,,,,,,
,,,,,,,,,,,,,,,,,,,,,,,,,,,,,,,,,,,,,,,,,,,,,,
,,,,,,,,,,,,,,,,,,,,,,,,,,,,,,,,,,,,,,,,,,,,,,
,,,,,,,,,,,,,,,,,,,,,,,,,,,,,,,,,,,,,,,,,,,,,,
,,,,,,,,,,,,,,,,,,,,,,,,,,,,,,,,,,,,,,,,,,,,,,
,,,,,,,,,,,,,,,,,,,,,,,,,,,,,,,,,,,,,,,,,,,,,,
,,,,,,,,,,,,,,,,,,,,,,,,,,,,,,,,,,,,,,,,,,,,,,
,,,,,,,,,,,,,,,,,,,,,,,,,,,,,,,,,,,,,,,,,,,,,,
,,,,,,,,,,,,,,,,,,,,,,,,,,,,,,,,,,,,,,,,,,,,,,
,,,,,,,,,,,,,,,,,,,,,,,,,,,,,,,,,,,,,,,,,,,,,,
,,,,,,,,,,,,,,,,,,,,,,,,,,,,,,,,,,,,,,,,,,,,,,
,,,,,,,,,,,,,,,,,,,,,,,,,,,,,,,,,,,,,,,,,,,,,,
,,,,,,,,,,,,,,,,,,,,,,,,,,,,,,,,,,,,,,,,,,,,,,
,,,,,,,,,,,,,,,,,,,,,,,,,,,,,,,,,,,,,,,,,,,,,,
,,,,,,,,,,,,,,,,,,,,,,,,,,,,,,,,,,,,,,,,,,,,,,
,,,,,,,,,,,,,,,,,,,,,,,,,,,,,,,,,,,,,,,,,,,,,,
,,,,,,,,,,,,,,,,,,,,,,,,,,,,,,,,,,,,,,,,,,,,,,
,,,,,,,,,,,,,,,,,,,,,,,,,,,,,,,,,,,,,,,,,,,,,,
,,,,,,,,,,,,,,,,,,,,,,,,,,,,,,,,,,,,,,,,,,,,,,
,,,,,,,,,,,,,,,,,,,,,,,,,,,,,,,,,,,,,,,,,,,,,,
,,,,,,,,,,,,,,,,,,,,,,,,,,,,,,,,,,,,,,,,,,,,,,
,,,,,,,,,,,,,,,,,,,,,,,,,,,,,,,,,,,,,,,,,,,,,,
,,,,,,,,,,,,,,,,,,,,,,,,,,,,,,,,,,,,,,,,,,,,,,
,,,,,,,,,,,,,,,,,,,,,,,,,,,,,,,,,,,,,,,,,,,,,,
,,,,,,,,,,,,,,,,,,,,,,,,,,,,,,,,,,,,,,,,,,,,,,
,,,,,,,,,,,,,,,,,,,,,,,,,,,,,,,,,,,,,,,,,,,,,,
,,,,,,,,,,,,,,,,,,,,,,,,,,,,,,,,,,,,,,,,,,,,,,
,,,,,,,,,,,,,,,,,,,,,,,,,,,,,,,,,,,,,,,,,,,,,,
,,,,,,,,,,,,,,,,,,,,,,,,,,,,,,,,,,,,,,,,,,,,,,
,,,,,,,,,,,,,,,,,,,,,,,,,,,,,,,,,,,,,,,,,,,,,,
,,,,,,,,,,,,,,,,,,,,,,,,,,,,,,,,,,,,,,,,,,,,,,
,,,,,,,,,,,,,,,,,,,,,,,,,,,,,,,,,,,,,,,,,,,,,,
,,,,,,,,,,,,,,,,,,,,,,,,,,,,,,,,,,,,,,,,,,,,,,
,,,,,,,,,,,,,,,,,,,,,,,,,,,,,,,,,,,,,,,,,,,,,,
,,,,,,,,,,,,,,,,,,,,,,,,,,,,,,,,,,,,,,,,,,,,,,
,,,,,,,,,,,,,,,,,,,,,,,,,,,,,,,,,,,,,,,,,,,,,,
,,,,,,,,,,,,,,,,,,,,,,,,,,,,,,,,,,,,,,,,,,,,,,
,,,,,,,,,,,,,,,,,,,,,,,,,,,,,,,,,,,,,,,,,,,,,,
,,,,,,,,,,,,,,,,,,,,,,,,,,,,,,,,,,,,,,,,,,,,,,
,,,,,,,,,,,,,,,,,,,,,,,,,,,,,,,,,,,,,,,,,,,,,,
,,,,,,,,,,,,,,,,,,,,,,,,,,,,,,,,,,,,,,,,,,,,,,
,,,,,,,,,,,,,,,,,,,,,,,,,,,,,,,,,,,,,,,,,,,,,,
,,,,,,,,,,,,,,,,,,,,,,,,,,,,,,,,,,,,,,,,,,,,,,
,,,,,,,,,,,,,,,,,,,,,,,,,,,,,,,,,,,,,,,,,,,,,,
,,,,,,,,,,,,,,,,,,,,,,,,,,,,,,,,,,,,,,,,,,,,,,
,,,,,,,,,,,,,,,,,,,,,,,,,,,,,,,,,,,,,,,,,,,,,,
,,,,,,,,,,,,,,,,,,,,,,,,,,,,,,,,,,,,,,,,,,,,,,
,,,,,,,,,,,,,,,,,,,,,,,,,,,,,,,,,,,,,,,,,,,,,,
,,,,,,,,,,,,,,,,,,,,,,,,,,,,,,,,,,,,,,,,,,,,,,
,,,,,,,,,,,,,,,,,,,,,,,,,,,,,,,,,,,,,,,,,,,,,,
,,,,,,,,,,,,,,,,,,,,,,,,,,,,,,,,,,,,,,,,,,,,,,
,,,,,,,,,,,,,,,,,,,,,,,,,,,,,,,,,,,,,,,,,,,,,,
,,,,,,,,,,,,,,,,,,,,,,,,,,,,,,,,,,,,,,,,,,,,,,
,,,,,,,,,,,,,,,,,,,,,,,,,,,,,,,,,,,,,,,,,,,,,,
,,,,,,,,,,,,,,,,,,,,,,,,,,,,,,,,,,,,,,,,,,,,,,
,,,,,,,,,,,,,,,,,,,,,,,,,,,,,,,,,,,,,,,,,,,,,,
,,,,,,,,,,,,,,,,,,,,,,,,,,,,,,,,,,,,,,,,,,,,,,
,,,,,,,,,,,,,,,,,,,,,,,,,,,,,,,,,,,,,,,,,,,,,,
,,,,,,,,,,,,,,,,,,,,,,,,,,,,,,,,,,,,,,,,,,,,,,
,,,,,,,,,,,,,,,,,,,,,,,,,,,,,,,,,,,,,,,,,,,,,,
,,,,,,,,,,,,,,,,,,,,,,,,,,,,,,,,,,,,,,,,,,,,,,
,,,,,,,,,,,,,,,,,,,,,,,,,,,,,,,,,,,,,,,,,,,,,,
,,,,,,,,,,,,,,,,,,,,,,,,,,,,,,,,,,,,,,,,,,,,,,
,,,,,,,,,,,,,,,,,,,,,,,,,,,,,,,,,,,,,,,,,,,,,,
,,,,,,,,,,,,,,,,,,,,,,,,,,,,,,,,,,,,,,,,,,,,,,
,,,,,,,,,,,,,,,,,,,,,,,,,,,,,,,,,,,,,,,,,,,,,,
,,,,,,,,,,,,,,,,,,,,,,,,,,,,,,,,,,,,,,,,,,,,,,
,,,,,,,,,,,,,,,,,,,,,,,,,,,,,,,,,,,,,,,,,,,,,,
,,,,,,,,,,,,,,,,,,,,,,,,,,,,,,,,,,,,,,,,,,,,,,
,,,,,,,,,,,,,,,,,,,,,,,,,,,,,,,,,,,,,,,,,,,,,,
,,,,,,,,,,,,,,,,,,,,,,,,,,,,,,,,,,,,,,,,,,,,,,
,,,,,,,,,,,,,,,,,,,,,,,,,,,,,,,,,,,,,,,,,,,,,,
,,,,,,,,,,,,,,,,,,,,,,,,,,,,,,,,,,,,,,,,,,,,,,
,,,,,,,,,,,,,,,,,,,,,,,,,,,,,,,,,,,,,,,,,,,,,,
,,,,,,,,,,,,,,,,,,,,,,,,,,,,,,,,,,,,,,,,,,,,,,
,,,,,,,,,,,,,,,,,,,,,,,,,,,,,,,,,,,,,,,,,,,,,,
,,,,,,,,,,,,,,,,,,,,,,,,,,,,,,,,,,,,,,,,,,,,,,
,,,,,,,,,,,,,,,,,,,,,,,,,,,,,,,,,,,,,,,,,,,,,,
,,,,,,,,,,,,,,,,,,,,,,,,,,,,,,,,,,,,,,,,,,,,,,
,,,,,,,,,,,,,,,,,,,,,,,,,,,,,,,,,,,,,,,,,,,,,,
,,,,,,,,,,,,,,,,,,,,,,,,,,,,,,,,,,,,,,,,,,,,,,
,,,,,,,,,,,,,,,,,,,,,,,,,,,,,,,,,,,,,,,,,,,,,,
,,,,,,,,,,,,,,,,,,,,,,,,,,,,,,,,,,,,,,,,,,,,,,
,,,,,,,,,,,,,,,,,,,,,,,,,,,,,,,,,,,,,,,,,,,,,,
,,,,,,,,,,,,,,,,,,,,,,,,,,,,,,,,,,,,,,,,,,,,,,
,,,,,,,,,,,,,,,,,,,,,,,,,,,,,,,,,,,,,,,,,,,,,,
,,,,,,,,,,,,,,,,,,,,,,,,,,,,,,,,,,,,,,,,,,,,,,
,,,,,,,,,,,,,,,,,,,,,,,,,,,,,,,,,,,,,,,,,,,,,,
,,,,,,,,,,,,,,,,,,,,,,,,,,,,,,,,,,,,,,,,,,,,,,
,,,,,,,,,,,,,,,,,,,,,,,,,,,,,,,,,,,,,,,,,,,,,,
,,,,,,,,,,,,,,,,,,,,,,,,,,,,,,,,,,,,,,,,,,,,,,
,,,,,,,,,,,,,,,,,,,,,,,,,,,,,,,,,,,,,,,,,,,,,,
,,,,,,,,,,,,,,,,,,,,,,,,,,,,,,,,,,,,,,,,,,,,,,
,,,,,,,,,,,,,,,,,,,,,,,,,,,,,,,,,,,,,,,,,,,,,,
,,,,,,,,,,,,,,,,,,,,,,,,,,,,,,,,,,,,,,,,,,,,,,
,,,,,,,,,,,,,,,,,,,,,,,,,,,,,,,,,,,,,,,,,,,,,,
,,,,,,,,,,,,,,,,,,,,,,,,,,,,,,,,,,,,,,,,,,,,,,
,,,,,,,,,,,,,,,,,,,,,,,,,,,,,,,,,,,,,,,,,,,,,,
,,,,,,,,,,,,,,,,,,,,,,,,,,,,,,,,,,,,,,,,,,,,,,
,,,,,,,,,,,,,,,,,,,,,,,,,,,,,,,,,,,,,,,,,,,,,,
,,,,,,,,,,,,,,,,,,,,,,,,,,,,,,,,,,,,,,,,,,,,,,
,,,,,,,,,,,,,,,,,,,,,,,,,,,,,,,,,,,,,,,,,,,,,,
,,,,,,,,,,,,,,,,,,,,,,,,,,,,,,,,,,,,,,,,,,,,,,
,,,,,,,,,,,,,,,,,,,,,,,,,,,,,,,,,,,,,,,,,,,,,,
,,,,,,,,,,,,,,,,,,,,,,,,,,,,,,,,,,,,,,,,,,,,,,
,,,,,,,,,,,,,,,,,,,,,,,,,,,,,,,,,,,,,,,,,,,,,,
,,,,,,,,,,,,,,,,,,,,,,,,,,,,,,,,,,,,,,,,,,,,,,
,,,,,,,,,,,,,,,,,,,,,,,,,,,,,,,,,,,,,,,,,,,,,,
,,,,,,,,,,,,,,,,,,,,,,,,,,,,,,,,,,,,,,,,,,,,,,
,,,,,,,,,,,,,,,,,,,,,,,,,,,,,,,,,,,,,,,,,,,,,,
,,,,,,,,,,,,,,,,,,,,,,,,,,,,,,,,,,,,,,,,,,,,,,
,,,,,,,,,,,,,,,,,,,,,,,,,,,,,,,,,,,,,,,,,,,,,,
,,,,,,,,,,,,,,,,,,,,,,,,,,,,,,,,,,,,,,,,,,,,,,
,,,,,,,,,,,,,,,,,,,,,,,,,,,,,,,,,,,,,,,,,,,,,,
,,,,,,,,,,,,,,,,,,,,,,,,,,,,,,,,,,,,,,,,,,,,,,
,,,,,,,,,,,,,,,,,,,,,,,,,,,,,,,,,,,,,,,,,,,,,,
,,,,,,,,,,,,,,,,,,,,,,,,,,,,,,,,,,,,,,,,,,,,,,
,,,,,,,,,,,,,,,,,,,,,,,,,,,,,,,,,,,,,,,,,,,,,,
,,,,,,,,,,,,,,,,,,,,,,,,,,,,,,,,,,,,,,,,,,,,,,
,,,,,,,,,,,,,,,,,,,,,,,,,,,,,,,,,,,,,,,,,,,,,,
,,,,,,,,,,,,,,,,,,,,,,,,,,,,,,,,,,,,,,,,,,,,,,
,,,,,,,,,,,,,,,,,,,,,,,,,,,,,,,,,,,,,,,,,,,,,,
,,,,,,,,,,,,,,,,,,,,,,,,,,,,,,,,,,,,,,,,,,,,,,
,,,,,,,,,,,,,,,,,,,,,,,,,,,,,,,,,,,,,,,,,,,,,,
,,,,,,,,,,,,,,,,,,,,,,,,,,,,,,,,,,,,,,,,,,,,,,
,,,,,,,,,,,,,,,,,,,,,,,,,,,,,,,,,,,,,,,,,,,,,,
,,,,,,,,,,,,,,,,,,,,,,,,,,,,,,,,,,,,,,,,,,,,,,
,,,,,,,,,,,,,,,,,,,,,,,,,,,,,,,,,,,,,,,,,,,,,,
,,,,,,,,,,,,,,,,,,,,,,,,,,,,,,,,,,,,,,,,,,,,,,
,,,,,,,,,,,,,,,,,,,,,,,,,,,,,,,,,,,,,,,,,,,,,,
,,,,,,,,,,,,,,,,,,,,,,,,,,,,,,,,,,,,,,,,,,,,,,
,,,,,,,,,,,,,,,,,,,,,,,,,,,,,,,,,,,,,,,,,,,,,,
,,,,,,,,,,,,,,,,,,,,,,,,,,,,,,,,,,,,,,,,,,,,,,
,,,,,,,,,,,,,,,,,,,,,,,,,,,,,,,,,,,,,,,,,,,,,,
,,,,,,,,,,,,,,,,,,,,,,,,,,,,,,,,,,,,,,,,,,,,,,
,,,,,,,,,,,,,,,,,,,,,,,,,,,,,,,,,,,,,,,,,,,,,,
,,,,,,,,,,,,,,,,,,,,,,,,,,,,,,,,,,,,,,,,,,,,,,
,,,,,,,,,,,,,,,,,,,,,,,,,,,,,,,,,,,,,,,,,,,,,,
,,,,,,,,,,,,,,,,,,,,,,,,,,,,,,,,,,,,,,,,,,,,,,
,,,,,,,,,,,,,,,,,,,,,,,,,,,,,,,,,,,,,,,,,,,,,,
,,,,,,,,,,,,,,,,,,,,,,,,,,,,,,,,,,,,,,,,,,,,,,
,,,,,,,,,,,,,,,,,,,,,,,,,,,,,,,,,,,,,,,,,,,,,,
,,,,,,,,,,,,,,,,,,,,,,,,,,,,,,,,,,,,,,,,,,,,,,
,,,,,,,,,,,,,,,,,,,,,,,,,,,,,,,,,,,,,,,,,,,,,,
,,,,,,,,,,,,,,,,,,,,,,,,,,,,,,,,,,,,,,,,,,,,,,
,,,,,,,,,,,,,,,,,,,,,,,,,,,,,,,,,,,,,,,,,,,,,,
,,,,,,,,,,,,,,,,,,,,,,,,,,,,,,,,,,,,,,,,,,,,,,
,,,,,,,,,,,,,,,,,,,,,,,,,,,,,,,,,,,,,,,,,,,,,,
,,,,,,,,,,,,,,,,,,,,,,,,,,,,,,,,,,,,,,,,,,,,,,
,,,,,,,,,,,,,,,,,,,,,,,,,,,,,,,,,,,,,,,,,,,,,,
,,,,,,,,,,,,,,,,,,,,,,,,,,,,,,,,,,,,,,,,,,,,,,
,,,,,,,,,,,,,,,,,,,,,,,,,,,,,,,,,,,,,,,,,,,,,,
,,,,,,,,,,,,,,,,,,,,,,,,,,,,,,,,,,,,,,,,,,,,,,
,,,,,,,,,,,,,,,,,,,,,,,,,,,,,,,,,,,,,,,,,,,,,,
,,,,,,,,,,,,,,,,,,,,,,,,,,,,,,,,,,,,,,,,,,,,,,
,,,,,,,,,,,,,,,,,,,,,,,,,,,,,,,,,,,,,,,,,,,,,,
,,,,,,,,,,,,,,,,,,,,,,,,,,,,,,,,,,,,,,,,,,,,,,
,,,,,,,,,,,,,,,,,,,,,,,,,,,,,,,,,,,,,,,,,,,,,,
,,,,,,,,,,,,,,,,,,,,,,,,,,,,,,,,,,,,,,,,,,,,,,
,,,,,,,,,,,,,,,,,,,,,,,,,,,,,,,,,,,,,,,,,,,,,,
,,,,,,,,,,,,,,,,,,,,,,,,,,,,,,,,,,,,,,,,,,,,,,
,,,,,,,,,,,,,,,,,,,,,,,,,,,,,,,,,,,,,,,,,,,,,,
,,,,,,,,,,,,,,,,,,,,,,,,,,,,,,,,,,,,,,,,,,,,,,
,,,,,,,,,,,,,,,,,,,,,,,,,,,,,,,,,,,,,,,,,,,,,,
,,,,,,,,,,,,,,,,,,,,,,,,,,,,,,,,,,,,,,,,,,,,,,
,,,,,,,,,,,,,,,,,,,,,,,,,,,,,,,,,,,,,,,,,,,,,,
,,,,,,,,,,,,,,,,,,,,,,,,,,,,,,,,,,,,,,,,,,,,,,
,,,,,,,,,,,,,,,,,,,,,,,,,,,,,,,,,,,,,,,,,,,,,,
,,,,,,,,,,,,,,,,,,,,,,,,,,,,,,,,,,,,,,,,,,,,,,
,,,,,,,,,,,,,,,,,,,,,,,,,,,,,,,,,,,,,,,,,,,,,,
,,,,,,,,,,,,,,,,,,,,,,,,,,,,,,,,,,,,,,,,,,,,,,
,,,,,,,,,,,,,,,,,,,,,,,,,,,,,,,,,,,,,,,,,,,,,,
,,,,,,,,,,,,,,,,,,,,,,,,,,,,,,,,,,,,,,,,,,,,,,
,,,,,,,,,,,,,,,,,,,,,,,,,,,,,,,,,,,,,,,,,,,,,,
,,,,,,,,,,,,,,,,,,,,,,,,,,,,,,,,,,,,,,,,,,,,,,
,,,,,,,,,,,,,,,,,,,,,,,,,,,,,,,,,,,,,,,,,,,,,,
,,,,,,,,,,,,,,,,,,,,,,,,,,,,,,,,,,,,,,,,,,,,,,
,,,,,,,,,,,,,,,,,,,,,,,,,,,,,,,,,,,,,,,,,,,,,,
,,,,,,,,,,,,,,,,,,,,,,,,,,,,,,,,,,,,,,,,,,,,,,
,,,,,,,,,,,,,,,,,,,,,,,,,,,,,,,,,,,,,,,,,,,,,,
,,,,,,,,,,,,,,,,,,,,,,,,,,,,,,,,,,,,,,,,,,,,,,
,,,,,,,,,,,,,,,,,,,,,,,,,,,,,,,,,,,,,,,,,,,,,,
,,,,,,,,,,,,,,,,,,,,,,,,,,,,,,,,,,,,,,,,,,,,,,
,,,,,,,,,,,,,,,,,,,,,,,,,,,,,,,,,,,,,,,,,,,,,,
,,,,,,,,,,,,,,,,,,,,,,,,,,,,,,,,,,,,,,,,,,,,,,
,,,,,,,,,,,,,,,,,,,,,,,,,,,,,,,,,,,,,,,,,,,,,,
,,,,,,,,,,,,,,,,,,,,,,,,,,,,,,,,,,,,,,,,,,,,,,
,,,,,,,,,,,,,,,,,,,,,,,,,,,,,,,,,,,,,,,,,,,,,,
,,,,,,,,,,,,,,,,,,,,,,,,,,,,,,,,,,,,,,,,,,,,,,
,,,,,,,,,,,,,,,,,,,,,,,,,,,,,,,,,,,,,,,,,,,,,,
,,,,,,,,,,,,,,,,,,,,,,,,,,,,,,,,,,,,,,,,,,,,,,
,,,,,,,,,,,,,,,,,,,,,,,,,,,,,,,,,,,,,,,,,,,,,,
,,,,,,,,,,,,,,,,,,,,,,,,,,,,,,,,,,,,,,,,,,,,,,
,,,,,,,,,,,,,,,,,,,,,,,,,,,,,,,,,,,,,,,,,,,,,,
,,,,,,,,,,,,,,,,,,,,,,,,,,,,,,,,,,,,,,,,,,,,,,
,,,,,,,,,,,,,,,,,,,,,,,,,,,,,,,,,,,,,,,,,,,,,,
,,,,,,,,,,,,,,,,,,,,,,,,,,,,,,,,,,,,,,,,,,,,,,
,,,,,,,,,,,,,,,,,,,,,,,,,,,,,,,,,,,,,,,,,,,,,,
,,,,,,,,,,,,,,,,,,,,,,,,,,,,,,,,,,,,,,,,,,,,,,
,,,,,,,,,,,,,,,,,,,,,,,,,,,,,,,,,,,,,,,,,,,,,,
,,,,,,,,,,,,,,,,,,,,,,,,,,,,,,,,,,,,,,,,,,,,,,
,,,,,,,,,,,,,,,,,,,,,,,,,,,,,,,,,,,,,,,,,,,,,,
,,,,,,,,,,,,,,,,,,,,,,,,,,,,,,,,,,,,,,,,,,,,,,
,,,,,,,,,,,,,,,,,,,,,,,,,,,,,,,,,,,,,,,,,,,,,,
,,,,,,,,,,,,,,,,,,,,,,,,,,,,,,,,,,,,,,,,,,,,,,
,,,,,,,,,,,,,,,,,,,,,,,,,,,,,,,,,,,,,,,,,,,,,,
,,,,,,,,,,,,,,,,,,,,,,,,,,,,,,,,,,,,,,,,,,,,,,
,,,,,,,,,,,,,,,,,,,,,,,,,,,,,,,,,,,,,,,,,,,,,,
,,,,,,,,,,,,,,,,,,,,,,,,,,,,,,,,,,,,,,,,,,,,,,
,,,,,,,,,,,,,,,,,,,,,,,,,,,,,,,,,,,,,,,,,,,,,,
,,,,,,,,,,,,,,,,,,,,,,,,,,,,,,,,,,,,,,,,,,,,,,
,,,,,,,,,,,,,,,,,,,,,,,,,,,,,,,,,,,,,,,,,,,,,,
,,,,,,,,,,,,,,,,,,,,,,,,,,,,,,,,,,,,,,,,,,,,,,
,,,,,,,,,,,,,,,,,,,,,,,,,,,,,,,,,,,,,,,,,,,,,,
,,,,,,,,,,,,,,,,,,,,,,,,,,,,,,,,,,,,,,,,,,,,,,
,,,,,,,,,,,,,,,,,,,,,,,,,,,,,,,,,,,,,,,,,,,,,,
,,,,,,,,,,,,,,,,,,,,,,,,,,,,,,,,,,,,,,,,,,,,,,
,,,,,,,,,,,,,,,,,,,,,,,,,,,,,,,,,,,,,,,,,,,,,,
,,,,,,,,,,,,,,,,,,,,,,,,,,,,,,,,,,,,,,,,,,,,,,
,,,,,,,,,,,,,,,,,,,,,,,,,,,,,,,,,,,,,,,,,,,,,,
,,,,,,,,,,,,,,,,,,,,,,,,,,,,,,,,,,,,,,,,,,,,,,
,,,,,,,,,,,,,,,,,,,,,,,,,,,,,,,,,,,,,,,,,,,,,,
,,,,,,,,,,,,,,,,,,,,,,,,,,,,,,,,,,,,,,,,,,,,,,
,,,,,,,,,,,,,,,,,,,,,,,,,,,,,,,,,,,,,,,,,,,,,,
,,,,,,,,,,,,,,,,,,,,,,,,,,,,,,,,,,,,,,,,,,,,,,
,,,,,,,,,,,,,,,,,,,,,,,,,,,,,,,,,,,,,,,,,,,,,,
,,,,,,,,,,,,,,,,,,,,,,,,,,,,,,,,,,,,,,,,,,,,,,
,,,,,,,,,,,,,,,,,,,,,,,,,,,,,,,,,,,,,,,,,,,,,,
,,,,,,,,,,,,,,,,,,,,,,,,,,,,,,,,,,,,,,,,,,,,,,
,,,,,,,,,,,,,,,,,,,,,,,,,,,,,,,,,,,,,,,,,,,,,,
,,,,,,,,,,,,,,,,,,,,,,,,,,,,,,,,,,,,,,,,,,,,,,
,,,,,,,,,,,,,,,,,,,,,,,,,,,,,,,,,,,,,,,,,,,,,,
,,,,,,,,,,,,,,,,,,,,,,,,,,,,,,,,,,,,,,,,,,,,,,
,,,,,,,,,,,,,,,,,,,,,,,,,,,,,,,,,,,,,,,,,,,,,,
,,,,,,,,,,,,,,,,,,,,,,,,,,,,,,,,,,,,,,,,,,,,,,
,,,,,,,,,,,,,,,,,,,,,,,,,,,,,,,,,,,,,,,,,,,,,,
,,,,,,,,,,,,,,,,,,,,,,,,,,,,,,,,,,,,,,,,,,,,,,
,,,,,,,,,,,,,,,,,,,,,,,,,,,,,,,,,,,,,,,,,,,,,,
,,,,,,,,,,,,,,,,,,,,,,,,,,,,,,,,,,,,,,,,,,,,,,
,,,,,,,,,,,,,,,,,,,,,,,,,,,,,,,,,,,,,,,,,,,,,,
,,,,,,,,,,,,,,,,,,,,,,,,,,,,,,,,,,,,,,,,,,,,,,
,,,,,,,,,,,,,,,,,,,,,,,,,,,,,,,,,,,,,,,,,,,,,,
,,,,,,,,,,,,,,,,,,,,,,,,,,,,,,,,,,,,,,,,,,,,,,
,,,,,,,,,,,,,,,,,,,,,,,,,,,,,,,,,,,,,,,,,,,,,,
,,,,,,,,,,,,,,,,,,,,,,,,,,,,,,,,,,,,,,,,,,,,,,
,,,,,,,,,,,,,,,,,,,,,,,,,,,,,,,,,,,,,,,,,,,,,,
,,,,,,,,,,,,,,,,,,,,,,,,,,,,,,,,,,,,,,,,,,,,,,
,,,,,,,,,,,,,,,,,,,,,,,,,,,,,,,,,,,,,,,,,,,,,,
,,,,,,,,,,,,,,,,,,,,,,,,,,,,,,,,,,,,,,,,,,,,,,
,,,,,,,,,,,,,,,,,,,,,,,,,,,,,,,,,,,,,,,,,,,,,,
,,,,,,,,,,,,,,,,,,,,,,,,,,,,,,,,,,,,,,,,,,,,,,
,,,,,,,,,,,,,,,,,,,,,,,,,,,,,,,,,,,,,,,,,,,,,,
